product,title,rating,body
DHRUVS COLLECTION 92.5 Pure Silver Black Beads Crystal Nazariya Bracelet for Baby Boys & Girls - Set of 2,"5.0 out of 5 stars
Very good",5.0,"For the price it is a very good product. Been more than a month since I bought it, no discoloration or any breakage. It‚Äôs a quality product
Read more"
DHRUVS COLLECTION 92.5 Pure Silver Black Beads Crystal Nazariya Bracelet for Baby Boys & Girls - Set of 2,"4.0 out of 5 stars
Looking beautiful",4.0,"I like the product, looking super
Read more"
DHRUVS COLLECTION 92.5 Pure Silver Black Beads Crystal Nazariya Bracelet for Baby Boys & Girls - Set of 2,"5.0 out of 5 stars
Excellent",5.0,"Super design , I like .
Read more"
DHRUVS COLLECTION 92.5 Pure Silver Black Beads Crystal Nazariya Bracelet for Baby Boys & Girls - Set of 2,"3.0 out of 5 stars
Poor quality",3.0,"The child broke it on the first day. And was about to eat the beads. It was a bit flimsy if the child is able to do that so fast.
Read more"
DHRUVS COLLECTION 92.5 Pure Silver Black Beads Crystal Nazariya Bracelet for Baby Boys & Girls - Set of 2,"1.0 out of 5 stars
Broke immediately",1.0,"it has very weak thread in , immediately broke down and and beats speeded every where.
Read more"
DHRUVS COLLECTION 92.5 Pure Silver Black Beads Crystal Nazariya Bracelet for Baby Boys & Girls - Set of 2,"5.0 out of 5 stars
Excellent",5.0,"Excellent  Product  .
Read more"
DHRUVS COLLECTION 92.5 Pure Silver Black Beads Crystal Nazariya Bracelet for Baby Boys & Girls - Set of 2,"5.0 out of 5 stars
Beautiful",5.0,"Very beautiful
Read more"
DHRUVS COLLECTION 92.5 Pure Silver Black Beads Crystal Nazariya Bracelet for Baby Boys & Girls - Set of 2,"4.0 out of 5 stars
ü•∞ü•∞ü•∞ü•∞",4.0,Read more
EIO New Born Baby Gift Set -13 Piecess (Pink),"5.0 out of 5 stars
New Born Baby Clothing Gift Set",5.0,"The EIO New Born Baby Clothing Gift Set is a thoughtfully curated 13-piece collection, perfect for welcoming a new addition to the family. This set includes a variety of essential clothing items and accessories designed to keep a newborn comfortable and stylish.Contents:3 Short-sleeve Onesies2 Long-sleeve Onesies2 Pairs of Pants3 Bibs2 Hats1 Pair of MittensPros:Comprehensive Selection:The set covers a wide range of clothing needs for a newborn, making it an ideal gift for new parents. From onesies to hats and mittens, it ensures the baby is well-dressed for various occasions and temperatures.Soft and Comfortable Material:Made from high-quality, soft cotton, the clothing items are gentle on a baby‚Äôs delicate skin. The fabric is breathable, ensuring the baby stays comfortable throughout the day.Adorable Designs:The clothing features cute and charming designs suitable for both baby boys and girls. The colors and patterns are delightful, adding a touch of style to the baby‚Äôs wardrobe.Practical and Convenient:The inclusion of multiple bibs and mittens is a practical touch, as these items are frequently needed and can easily get dirty. Having spares on hand is always helpful for parents.Good Value for Money:Given the number of items included in the set, it offers excellent value for money. It‚Äôs a cost-effective way to ensure a newborn has all the basic clothing essentials.Cons:Size Limitations:The set is generally sized for newborns up to 3 months. Rapidly growing babies may outgrow some items sooner than expected, limiting the duration of their use.Limited Color Options:While the designs are adorable, the color options are somewhat limited. Offering a wider variety of colors would make the set more appealing to a broader audience.Durability:Although the materials are soft and comfortable, they may not be as durable as some higher-end baby clothing brands. Frequent washing could potentially lead to wear and tear.
Read more"
EIO New Born Baby Gift Set -13 Piecess (Pink),"4.0 out of 5 stars
Good quality",4.0,"I like the product
Read more"
EIO New Born Baby Gift Set -13 Piecess (Pink),"5.0 out of 5 stars
Good deal",5.0,"Good for gifting.I gifted it to my cousin sister who just delivered her 1st ever baby girl. She and her husband were visibly pleased on receiving this set and said it‚Äôs wholesome!! Fabric is easy on baby skin.
Read more"
EIO New Born Baby Gift Set -13 Piecess (Pink),"3.0 out of 5 stars
Bad material",3.0,"Bad material
Read more"
EIO New Born Baby Gift Set -13 Piecess (Pink),"5.0 out of 5 stars
Beautiful clothes",5.0,"Excellent product
Read more"
EIO New Born Baby Gift Set -13 Piecess (Pink),"4.0 out of 5 stars
Quality",4.0,"It's a comfortable and value for money item
Read more"
EIO New Born Baby Gift Set -13 Piecess (Pink),"5.0 out of 5 stars
Very good product",5.0,"I m from Bangladesh! I bought it from amazon ! It‚Äôs really a very good package!
Read more"
EIO New Born Baby Gift Set -13 Piecess (Pink),"1.0 out of 5 stars
Color Mismatch",1.0,"I have ordered peach color specifically but I received baby pink instead.I didn‚Äôt like the colour but material is soft and good thats why I kept the product.Please be careful while delivering next time to other customers and give them the product they want.
Read more"
KingSwagger Sneakers for Kids,"5.0 out of 5 stars
nice and comfortable shoes",5.0,"very nice and comfortable.
Read more"
KingSwagger Sneakers for Kids,"5.0 out of 5 stars
Totally worth",5.0,"Must buy!
Read more"
Bold N Elegant - Be Bold Inside & Elegant Outside Kid's Cotton T-Shirt,"5.0 out of 5 stars
Nice product",5.0,"I like cloth so much and also colour love it go for it
Read more"
Bold N Elegant - Be Bold Inside & Elegant Outside Kid's Cotton T-Shirt,"4.0 out of 5 stars
The fabric of lower",4.0,"The fabric of lower is not denim or trouser like as it seems in the picture. But all and all the dress is good. A bit costly for the fabric.
Read more"
Bold N Elegant - Be Bold Inside & Elegant Outside Kid's Cotton T-Shirt,"5.0 out of 5 stars
Soft fabric",5.0,"This is too good. Fabric is soft an best for baby.
Read more"
Bold N Elegant - Be Bold Inside & Elegant Outside Kid's Cotton T-Shirt,"1.0 out of 5 stars
Poor quality",1.0,"Quality is not good according to the price
Read more"
Bold N Elegant - Be Bold Inside & Elegant Outside Kid's Cotton T-Shirt,"3.0 out of 5 stars
Not worth the product for its quality",3.0,"Not really really worth the product for that money. Just because it is kids wear the company makes a big money!!!!
Read more"
Bold N Elegant - Be Bold Inside & Elegant Outside Kid's Cotton T-Shirt,"5.0 out of 5 stars
Good quality cloth",5.0,"Very nice quality cloth
Read more"
Bold N Elegant - Be Bold Inside & Elegant Outside Kid's Cotton T-Shirt,"4.0 out of 5 stars
Worth for money",4.0,"Quality and colour is good
Read more"
Bold N Elegant - Be Bold Inside & Elegant Outside Kid's Cotton T-Shirt,"5.0 out of 5 stars
Worth buy....So cute dress",5.0,"This is so nice....worth buy .... Material is so soft and my baby likes to wear it ...summer ke liye achha hai and baki har time k liye bhi...
Read more"
EIO¬Æ 100% Cotton Rompers/Sleepsuits/Jumpsuit/Night Suits for Newborn Baby Boys & Girls Pack of 3,"5.0 out of 5 stars
Good fabric and good looking.",5.0,"Fabric is good and comfortable. Colour down a bit after some washes. Overall good product.
Read more"
EIO¬Æ 100% Cotton Rompers/Sleepsuits/Jumpsuit/Night Suits for Newborn Baby Boys & Girls Pack of 3,"4.0 out of 5 stars
Ok ok",4.0,"Value for moneyQuality is not very greatColours are vibrant but buttons are not providing complete closure at the bottomFabric used is not cotton it‚Äôs cheap napkin fabric
Read more"
EIO¬Æ 100% Cotton Rompers/Sleepsuits/Jumpsuit/Night Suits for Newborn Baby Boys & Girls Pack of 3,"5.0 out of 5 stars
All good",5.0,"Comfort, value for money, good product, nice fit
Read more"
EIO¬Æ 100% Cotton Rompers/Sleepsuits/Jumpsuit/Night Suits for Newborn Baby Boys & Girls Pack of 3,"3.0 out of 5 stars
Ok ok",3.0,"Thin but soft material, tends to tear near the buttons after a few washes. Small size of socks for feet. Colour doesn't wash out. Buttons far apart- tends to open up in between
Read more"
EIO¬Æ 100% Cotton Rompers/Sleepsuits/Jumpsuit/Night Suits for Newborn Baby Boys & Girls Pack of 3,"4.0 out of 5 stars
They are good and soft",4.0,"Soft for babies , good material. Only 1 issue is there that gap between buttons when we close then is not tidy. Otherwise good product.
Read more"
EIO¬Æ 100% Cotton Rompers/Sleepsuits/Jumpsuit/Night Suits for Newborn Baby Boys & Girls Pack of 3,"5.0 out of 5 stars
Good fit on new babies...",5.0,"Nice colours... Comfortable and nice fabric... It's worthy
Read more"
EIO¬Æ 100% Cotton Rompers/Sleepsuits/Jumpsuit/Night Suits for Newborn Baby Boys & Girls Pack of 3,"5.0 out of 5 stars
Awesome Quality And Colours",5.0,"Quality is good and colors are really nice. Was durable enough until our little one outgrew it
Read more"
EIO¬Æ 100% Cotton Rompers/Sleepsuits/Jumpsuit/Night Suits for Newborn Baby Boys & Girls Pack of 3,"3.0 out of 5 stars
Low quality and different colours received",3.0,"Received different colours from the ordered items and quality is lower than expected
Read more"
Baby Girls Dungaree Solid Festive Wedding Cotton Frocks and Dresses,"5.0 out of 5 stars
Ok",5.0,"Goodüëçüëçüëç
Read more"
Baby Girls Dungaree Solid Festive Wedding Cotton Frocks and Dresses,"4.0 out of 5 stars
Very good",4.0,"Nice product
Read more"
Baby Girls Dungaree Solid Festive Wedding Cotton Frocks and Dresses,"5.0 out of 5 stars
Very good",5.0,"Very good
Read more"
Baby Girls Dungaree Solid Festive Wedding Cotton Frocks and Dresses,"4.0 out of 5 stars
Nice",4.0,"Yes like it.....
Read more"
Nemichand Jewels 925 Sterling Pure Silver(Chandi) Black Bead Crystal Nazariya Bangle/Bracelet For Kids - One Pair For Chil...,"5.0 out of 5 stars
Beautiful najariya",5.0,"Fits perfectly and looks amazing, is comfortable, worth its price. Great job by makers
Read more"
Nemichand Jewels 925 Sterling Pure Silver(Chandi) Black Bead Crystal Nazariya Bangle/Bracelet For Kids - One Pair For Chil...,"4.0 out of 5 stars
So good for now.",4.0,"Ppl are complaining in the reviews about the quality of bracelet and most of the issue is poor quality of iron thread where black need and silver rings are inserted, is broken. But still I went ahead and bought this as it was economic, and soft. So far it is not broken yet for nearly month use.
Read more"
Nemichand Jewels 925 Sterling Pure Silver(Chandi) Black Bead Crystal Nazariya Bangle/Bracelet For Kids - One Pair For Chil...,"5.0 out of 5 stars
Great quality at an affordable price",5.0,"I was skeptical initially as similar products were thrice the price. Thought silver may turn black after a few days or they will break but they are shining well even after 5 months of daily use.  Though meant for hands, i wanted to use for legs for a few months and then shift to hands when the baby grows. And it served the purpose well.  Already gifted a pair to another kid. Great for gifting in this budget
Read more"
Nemichand Jewels 925 Sterling Pure Silver(Chandi) Black Bead Crystal Nazariya Bangle/Bracelet For Kids - One Pair For Chil...,"5.0 out of 5 stars
Good quality product",5.0,"Go for it üëçüèª
Read more"
Nemichand Jewels 925 Sterling Pure Silver(Chandi) Black Bead Crystal Nazariya Bangle/Bracelet For Kids - One Pair For Chil...,"1.0 out of 5 stars
The thread is broken in a week",1.0,"Cheating the thread used is not silver. Not worth for money. It breaks in a week or two. Only the small rings are silver.. worth for jus 50-100rs
Read more"
Nemichand Jewels 925 Sterling Pure Silver(Chandi) Black Bead Crystal Nazariya Bangle/Bracelet For Kids - One Pair For Chil...,"3.0 out of 5 stars
Broke down too soon",3.0,"I bought it for my 9 month old son. It looked very pretty initially but within a mont, it became loose and broke down. Jweller should make it stronger as toddlers have habit of pulling things. However, in my case, my son did not even pull it out. He was tapping the table and comes out scattering all the beads here and there.
Read more"
Nemichand Jewels 925 Sterling Pure Silver(Chandi) Black Bead Crystal Nazariya Bangle/Bracelet For Kids - One Pair For Chil...,"5.0 out of 5 stars
Silver",5.0,"Very nice and fit for child
Read more"
Nemichand Jewels 925 Sterling Pure Silver(Chandi) Black Bead Crystal Nazariya Bangle/Bracelet For Kids - One Pair For Chil...,"4.0 out of 5 stars
Size small",4.0,"Pretty good
Read more"
Baby Girls Dungaree Solid Festive Wedding Cotton Frocks and Dresses,"1.0 out of 5 stars
Poor quality",1.0,"Tiching worst poor cloth
Read more"
Baby Girls Dungaree Solid Festive Wedding Cotton Frocks and Dresses,"3.0 out of 5 stars
Average quality",3.0,"Just avg quality
Read more"
SYGA Kid's Cotton Beanie Cap With Big Bow,"5.0 out of 5 stars
Good product",5.0,"Luks cute over my little one and moreover it is comfortable with no irritation‚Ä¶ material is gud to keep comfortable and stylish as well..
Read more"
SYGA Kid's Cotton Beanie Cap With Big Bow,"4.0 out of 5 stars
Beautiful",4.0,"You can buy it
Read more"
SYGA Kid's Cotton Beanie Cap With Big Bow,"5.0 out of 5 stars
Good product",5.0,"Fit properly value for money
Read more"
SYGA Kid's Cotton Beanie Cap With Big Bow,"5.0 out of 5 stars
Awesome",5.0,"Bought or for my niece as a present and she looks very cute. Loved this and is very comfortable aswell.
Read more"
SYGA Kid's Cotton Beanie Cap With Big Bow,"3.0 out of 5 stars
Very thin",3.0,"Average
Read more"
SYGA Kid's Cotton Beanie Cap With Big Bow,"5.0 out of 5 stars
Very nice product",5.0,"Wow, so beautiful cap for my little angel
Read more"
SYGA Kid's Cotton Beanie Cap With Big Bow,"4.0 out of 5 stars
Good fabric",4.0,"Comfortable fabric
Read more"
SYGA Kid's Cotton Beanie Cap With Big Bow,"5.0 out of 5 stars
Too good",5.0,"Soft and stylish baby can wear this in any type of weather.Also can be worn at any size
Read more"
Silverwala 92.5-925 Sterling Silver Baby Bracelets kada Bangle Nazariya With Black Beads/crystal for baby boy and girl,"5.0 out of 5 stars
Love it",5.0,"Very nice quality and finishing
Read more"
Silverwala 92.5-925 Sterling Silver Baby Bracelets kada Bangle Nazariya With Black Beads/crystal for baby boy and girl,"1.0 out of 5 stars
Poor",1.0,"Poor quality.
Read more"
Silverwala 92.5-925 Sterling Silver Baby Bracelets kada Bangle Nazariya With Black Beads/crystal for baby boy and girl,"3.0 out of 5 stars
Too small",3.0,"It seems to be genuine but did not meet our requirement. It is too small for a 9 months old baby.
Read more"
Silverwala 92.5-925 Sterling Silver Baby Bracelets kada Bangle Nazariya With Black Beads/crystal for baby boy and girl,"1.0 out of 5 stars
Returned, got wrong product",1.0,"Returned
Read more"
Silverwala 92.5-925 Sterling Silver Baby Bracelets kada Bangle Nazariya With Black Beads/crystal for baby boy and girl,"2.0 out of 5 stars
One of the bracelet got damaged",2.0,"One of the bracelet got broke after two months of usage... When babies crawl they hit the floor everytime and  that cause one of the bracelet to get damaged... Otherwise the seller using a low quality or mixed materials BCS I feel the damaged one doesn't look original silver..
Read more"
Silverwala 92.5-925 Sterling Silver Baby Bracelets kada Bangle Nazariya With Black Beads/crystal for baby boy and girl,"1.0 out of 5 stars
Very bad",1.0,"There is jink on it
Read more"
Kiddeo Infants Bodysuits (Pack of 5),"5.0 out of 5 stars
Nice clothes",5.0,"nice collection and good work
Read more"
Kiddeo Infants Bodysuits (Pack of 5),"4.0 out of 5 stars
üëç",4.0,"Good quality and soft cloath
Read more"
Kiddeo Infants Bodysuits (Pack of 5),"5.0 out of 5 stars
Great product",5.0,"Great product and quality, fit and size was good üíØ
Read more"
Kiddeo Infants Bodysuits (Pack of 5),"5.0 out of 5 stars
Set of good clothes",5.0,"All are looks great with good colour and quality and quantity
Read more"
Kiddeo Infants Bodysuits (Pack of 5),"3.0 out of 5 stars
Good quality",3.0,"Fits well, money worth üëç
Read more"
Kiddeo Infants Bodysuits (Pack of 5),"5.0 out of 5 stars
Good as expected",5.0,"Good
Read more"
Kiddeo Infants Bodysuits (Pack of 5),"4.0 out of 5 stars
Poor quality",4.0,"Ok product
Read more"
Kiddeo Infants Bodysuits (Pack of 5),"5.0 out of 5 stars
Go for it",5.0,"Superb colourful dress. Simply Love it.
Read more"
NEOBABY Casual Shoes for 2 Years to 4.5 Years Kids Boys & Girls,"5.0 out of 5 stars
Waw",5.0,"Very nice product
Read more"
NEOBABY Casual Shoes for 2 Years to 4.5 Years Kids Boys & Girls,"4.0 out of 5 stars
Good price, good quality",4.0,"Exactly like what I wanted and expected.. Value for money
Read more"
NEOBABY Casual Shoes for 2 Years to 4.5 Years Kids Boys & Girls,"5.0 out of 5 stars
Reasonable price available",5.0,"Wearing comfortable and lighter weight
Read more"
NEOBABY Casual Shoes for 2 Years to 4.5 Years Kids Boys & Girls,"5.0 out of 5 stars
Good but buy a bigger size for fitment",5.0,"Product is good. Should have more colors. Size is generally small so always go for a size up
Read more"
NEOBABY Casual Shoes for 2 Years to 4.5 Years Kids Boys & Girls,"3.0 out of 5 stars
Comfort and Soothing for Feet",3.0,"Good
Read more"
NEOBABY Casual Shoes for 2 Years to 4.5 Years Kids Boys & Girls,"4.0 out of 5 stars
Good quality",4.0,"The colour is same as shown on the app. Product quality is good for rough use. The finishing can be improved a bit otherwise it's okay.
Read more"
NEOBABY Casual Shoes for 2 Years to 4.5 Years Kids Boys & Girls,"5.0 out of 5 stars
Very goodshoes for 2 year old babies, these are the best shoes for comfortable",5.0,"Very good shoes for 2 year old babies, these are the best shoes for comfortable fittings all r good
Read more"
NEOBABY Casual Shoes for 2 Years to 4.5 Years Kids Boys & Girls,"5.0 out of 5 stars
Good to buy",5.0,"Its looks good and quality wise. But little bit weight.
Read more"
AkinosKIDS Newborn Rose soft Lace LightPink Flower Headband.Kids Hair Accessory ‚Ä¶,"4.0 out of 5 stars
Good",4.0,"Nice
Read more"
ARVESA Monthly Birthday Milestone Special Unisex Baby Romper Onesies Dress Half Sleeve Envelope Neck,"5.0 out of 5 stars
Excellent",5.0,"Excellent
Read more"
ARVESA Monthly Birthday Milestone Special Unisex Baby Romper Onesies Dress Half Sleeve Envelope Neck,"4.0 out of 5 stars
Quality is not good",4.0,"Fabric is not soft
Read more"
ARVESA Monthly Birthday Milestone Special Unisex Baby Romper Onesies Dress Half Sleeve Envelope Neck,"5.0 out of 5 stars
Nice for my baby ‚ò∫Ô∏è",5.0,"Nice tshirt ‚ò∫Ô∏è
Read more"
ARVESA Monthly Birthday Milestone Special Unisex Baby Romper Onesies Dress Half Sleeve Envelope Neck,"5.0 out of 5 stars
Good",5.0,"The cloth is good and baby grew and we can still use it till 3 months may be untill 4th month. It's big enough so useful.
Read more"
ARVESA Monthly Birthday Milestone Special Unisex Baby Romper Onesies Dress Half Sleeve Envelope Neck,"2.0 out of 5 stars
Nice but used once",2.0,"Goodüëç
Read more"
ARVESA Monthly Birthday Milestone Special Unisex Baby Romper Onesies Dress Half Sleeve Envelope Neck,"5.0 out of 5 stars
Very useful for 1 months baby .size is appropriate fit for my baby girl",5.0,"Very nice.
Read more"
ARVESA Monthly Birthday Milestone Special Unisex Baby Romper Onesies Dress Half Sleeve Envelope Neck,"1.0 out of 5 stars
I felt,  quality can be better. One time use",1.0,"Quality can be better
Read more"
ARVESA Monthly Birthday Milestone Special Unisex Baby Romper Onesies Dress Half Sleeve Envelope Neck,"1.0 out of 5 stars
There was no price tag on the product. bad customer care bad /loed on fone everytime I call.",1.0,"Waiting for my return. There was no price tag on the product. Iam facing difficulties in my retun.
Read more"
KUKSHYA 925 Exclusive Nazariya Bracelet with Black & Silver Beads (Crystal) in 92.5 Sterling Silver for Baby Boys & Girls,"1.0 out of 5 stars
Not suitable for baby of 1 yr. Low category..",1.0,"Low category.
Read more"
KUKSHYA 925 Exclusive Nazariya Bracelet with Black & Silver Beads (Crystal) in 92.5 Sterling Silver for Baby Boys & Girls,"5.0 out of 5 stars
Very nice for babies",5.0,"Very nice on baby hands,  good product n am very much satisfied with this product. Very good item for babies
Read more"
"MagicPop Colourful Socks for kids/Boys, Crew length, Cotton, 1 to 9 Years, Pack of 5, Designer socks, Gift Option","5.0 out of 5 stars
Quality and color",5.0,"Price point it‚Äôs good cotton and soft for kids product.
Read more"
"MagicPop Colourful Socks for kids/Boys, Crew length, Cotton, 1 to 9 Years, Pack of 5, Designer socks, Gift Option","1.0 out of 5 stars
Too small and poor quality",1.0,"Firstly, too small socks. The package sticker says ""7-9 years"" but if you check my attached photos, the socks just manages to cover little more than half the foot of my 7 yr old child. (I have my foot in the photo as well in case anyone thinks I am putting an adult size foot against the socks.) This so-called 7-9 yrs size is suited for a 4-5 yrs child. The material is a bit stretchable but it cannot be stretched to cover my child's feet properly.Secondly, quality is bad. I received socks with threads already coming loose.  I don't think these socks would last after a few washes.This item has a no refund or return policy so, being stuck with this non-useable items, all I can do is share my disappointing experience on this product.
Read more"
"MagicPop Colourful Socks for kids/Boys, Crew length, Cotton, 1 to 9 Years, Pack of 5, Designer socks, Gift Option","1.0 out of 5 stars
Bad sizing",1.0,"The socks are not even ckose to d size mentioned on itWe need to get a refund
Read more"
Piku Store Kids Full Sleeves T-Shirt & Lower Set,"5.0 out of 5 stars
Very comfortable",5.0,"Beautiful colour and quality
Read more"
Piku Store Kids Full Sleeves T-Shirt & Lower Set,"4.0 out of 5 stars
Nice",4.0,"Nice product
Read more"
Piku Store Kids Full Sleeves T-Shirt & Lower Set,"5.0 out of 5 stars
Value for money",5.0,"Very comfortable material. Value for money. Looks good on my son.
Read more"
Piku Store Kids Full Sleeves T-Shirt & Lower Set,"3.0 out of 5 stars
Good",3.0,"Material is good.but size was too large
Read more"
Piku Store Kids Full Sleeves T-Shirt & Lower Set,"5.0 out of 5 stars
Comfortable and Stylish Set for Kids",5.0,"I recently purchased the Piku Store Kids Full Sleeves Royal Blue T-Shirt & Light Grey Lower Set for my son, and I must say, I am highly impressed. The material is soft and comfortable, perfect for my active little one. The royal blue color of the t-shirt is vibrant and doesn't fade after multiple washes. The light grey lower is versatile and goes well with various tops. The stitching is durable, ensuring that the set withstands rough play. Overall, I highly recommend this set for parents looking for both comfort and style for their kids.
Read more"
Piku Store Kids Full Sleeves T-Shirt & Lower Set,"1.0 out of 5 stars
Recieved different colour",1.0,"The media could not be loaded.
                



¬†Different colour recieved n fabric quality was also poor
Read more"
Piku Store Kids Full Sleeves T-Shirt & Lower Set,"4.0 out of 5 stars
Good",4.0,"Good
Read more"
Piku Store Kids Full Sleeves T-Shirt & Lower Set,"5.0 out of 5 stars
Good fabric",5.0,"Good n one n only item with perfect sized. I surely recommend this item. 100% worth to buy. Only color is different then whats ordered. Thank you
Read more"
Shash Empire's Happy Birthday Celebration Hats / Caps (Pack Of 10) (Boys/Girls),"4.0 out of 5 stars
Good but over priced",4.0,"Good but over priced
Read more"
BELGIUMBEAUTY Belgium Leather Shoes for Boys/Baby boy Boots/,"5.0 out of 5 stars
Good...",5.0,"Good...
Read more"
BELGIUMBEAUTY Belgium Leather Shoes for Boys/Baby boy Boots/,"2.0 out of 5 stars
Very uncomfortable",2.0,"Not worth the price
Read more"
BELGIUMBEAUTY Belgium Leather Shoes for Boys/Baby boy Boots/,"5.0 out of 5 stars
Comfortable, nice looks and value for money",5.0,"It was a good fit for 2 year old. Very comfortable while playing around. Overall it is worth the money
Read more"
babeezworld Girl's Fit And Flare Knee Length Dress,"5.0 out of 5 stars
Super cute",5.0,"Very nice quality
Read more"
babeezworld Girl's Fit And Flare Knee Length Dress,"4.0 out of 5 stars
Good",4.0,"Good quality and nice looking..
Read more"
babeezworld Girl's Fit And Flare Knee Length Dress,"3.0 out of 5 stars
Good baby dress",3.0,"Good
Read more"
babeezworld Girl's Fit And Flare Knee Length Dress,"5.0 out of 5 stars
Beautiful",5.0,"Lovely frock,colour fabric everything is pretty
Read more"
babeezworld Girl's Fit And Flare Knee Length Dress,"4.0 out of 5 stars
It's beautiful",4.0,"Beautiful but the rubber prints start cracking after a few washes say after 10 wash
Read more"
babeezworld Girl's Fit And Flare Knee Length Dress,"5.0 out of 5 stars
Nice product",5.0,"Very beautiful product. Soft material
Read more"
babeezworld Girl's Fit And Flare Knee Length Dress,"1.0 out of 5 stars
Material is good size is wiered ! Length is less and sleeves are too long!",1.0,"Length is less sleeves are too long
Read more"
babeezworld Girl's Fit And Flare Knee Length Dress,"5.0 out of 5 stars
Nice Product",5.0,"Good Quality Product.
Read more"
Nyamah Sales Baby Boys and Baby Girls Cotton Low Cut No Show Socks Loafer Kids 3-7 Years Multicolor 6 PAIR,"5.0 out of 5 stars
Cute and lovely product",5.0,"I love this product it is so cute and it is very stretchable and in good quality my child loves it!And very comfortable
Read more"
Nyamah Sales Baby Boys and Baby Girls Cotton Low Cut No Show Socks Loafer Kids 3-7 Years Multicolor 6 PAIR,"3.0 out of 5 stars
Looks nothing like what is in the picture",3.0,"Doesn't look like this.
Read more"
Nyamah Sales Baby Boys and Baby Girls Cotton Low Cut No Show Socks Loafer Kids 3-7 Years Multicolor 6 PAIR,"3.0 out of 5 stars
Product is ok for this price",3.0,"The six pair of socks are of average quality. But for this price it is good. The socks is not as shown in the picture. It's multi coloured. It will be good for girls, but not for boys.P.S. There's one more pair. It's in the laundry for washing.
Read more"
Nyamah Sales Baby Boys and Baby Girls Cotton Low Cut No Show Socks Loafer Kids 3-7 Years Multicolor 6 PAIR,"1.0 out of 5 stars
Very bad quality",1.0,"Disappointed
Read more"
Nyamah Sales Baby Boys and Baby Girls Cotton Low Cut No Show Socks Loafer Kids 3-7 Years Multicolor 6 PAIR,"1.0 out of 5 stars
Bad quality",1.0,"Poor quality
Read more"
Dreamee Fashions - Newborn Baby Boys & Baby Girls Cotton Printed Rompers | Body Suit - (Prints May Vary) ‚Äì Multi-coloured ...,"5.0 out of 5 stars
Soft and good quality üëç worth to buy it",5.0,"Soft and good quality üëç worth to buy it
Read more"
Dreamee Fashions - Newborn Baby Boys & Baby Girls Cotton Printed Rompers | Body Suit - (Prints May Vary) ‚Äì Multi-coloured ...,"3.0 out of 5 stars
Ok ok",3.0,"It's an ok ok product, material is soft but doesn't feel cozy. Colour is also not so vibrant
Read more"
Durable Comfortable Sports Shoes for Outdoor Indoor Winter Season for Baby BOY and Baby Girls of 3 Years | 3.5 Years | 4 Y...,"3.0 out of 5 stars
Okay okay",3.0,"Price is little high for this quality shoe
Read more"
YUV Infant Boys & Girls Multi-Color Pack of 3 100% Soft Cotton Printed Tshirts & Shorts with Shoulder Poppers,"5.0 out of 5 stars
Awesome product",5.0,"Product was awesome and perfect fabric. Worth for money.
Read more"
YUV Infant Boys & Girls Multi-Color Pack of 3 100% Soft Cotton Printed Tshirts & Shorts with Shoulder Poppers,"4.0 out of 5 stars
Very good",4.0,"All the shirts are very good. The fabric is little thin but very soft and comfortable. Value for money.
Read more"
YUV Infant Boys & Girls Multi-Color Pack of 3 100% Soft Cotton Printed Tshirts & Shorts with Shoulder Poppers,"3.0 out of 5 stars
Colours not as per photo on site",3.0,"Did not get the same colour as shown on siteMaterial is soft. Not yet washed. After washing what will be the result don't know
Read more"
YUV Infant Boys & Girls Multi-Color Pack of 3 100% Soft Cotton Printed Tshirts & Shorts with Shoulder Poppers,"5.0 out of 5 stars
Excellent üëå",5.0,"Very good fully satisfied
Read more"
YUV Infant Boys & Girls Multi-Color Pack of 3 100% Soft Cotton Printed Tshirts & Shorts with Shoulder Poppers,"4.0 out of 5 stars
Received different designs but overall good",4.0,"I received different designs than what I ordered... The fabric is soft and good for summer.. fabric quality is good
Read more"
YUV Infant Boys & Girls Multi-Color Pack of 3 100% Soft Cotton Printed Tshirts & Shorts with Shoulder Poppers,"5.0 out of 5 stars
Comfortable soft cloth",5.0,"Very comfortable and soft , good material for summer
Read more"
YUV Infant Boys & Girls Multi-Color Pack of 3 100% Soft Cotton Printed Tshirts & Shorts with Shoulder Poppers,"5.0 out of 5 stars
Size of cloth is short",5.0,"As per order cloth colour and cloth is nice. But is too short for 05 - 06 years child to wearing these dress. It is dress for 03-04 years child. So, I am not satisfy by size of cloth for 05-06 years.
Read more"
YUV Infant Boys & Girls Multi-Color Pack of 3 100% Soft Cotton Printed Tshirts & Shorts with Shoulder Poppers,"1.0 out of 5 stars
Not good",1.0,"Quality is not good.. Tiny holes came just after first wash..
Read more"
KNITROOT Monthly Birthday Special Unisex Baby Romper Half Sleeve White Color first months,"5.0 out of 5 stars
Good",5.0,"Soft material. Good for summer time. Love this for my baby. Must buy for baby's monthly Photography
Read more"
KNITROOT Monthly Birthday Special Unisex Baby Romper Half Sleeve White Color first months,"4.0 out of 5 stars
Good print",4.0,"Quality of cloth is not upto the mark, print and fit is good.
Read more"
KNITROOT Monthly Birthday Special Unisex Baby Romper Half Sleeve White Color first months,"5.0 out of 5 stars
Perfect fit",5.0,"Fit is perfect. Very comfortable. Good fabricz
Read more"
KNITROOT Monthly Birthday Special Unisex Baby Romper Half Sleeve White Color first months,"3.0 out of 5 stars
Served the purpose quality not upto the mark",3.0,"I did purchase it for the milestone but keeping in mind that i will reuse it for the whole 3rd month but i didnot like the quality so i have jot used them but for the day it did serve the purpose and looked good on my babies
Read more"
KNITROOT Monthly Birthday Special Unisex Baby Romper Half Sleeve White Color first months,"1.0 out of 5 stars
Very poor fit and quality",1.0,"Barely fit my 2 month old (whose weight is average). quality is also very poor.
Read more"
KNITROOT Monthly Birthday Special Unisex Baby Romper Half Sleeve White Color first months,"5.0 out of 5 stars
Beautiful",5.0,"Very nice
Read more"
KNITROOT Monthly Birthday Special Unisex Baby Romper Half Sleeve White Color first months,"4.0 out of 5 stars
Nice product",4.0,"Good one
Read more"
KNITROOT Monthly Birthday Special Unisex Baby Romper Half Sleeve White Color first months,"5.0 out of 5 stars
Soft",5.0,"Soft cloth.
Read more"
SG Cricket Shoes Sierra 2.0,"5.0 out of 5 stars
Wow super",5.0,"Super cute
Read more"
SG Cricket Shoes Sierra 2.0,"5.0 out of 5 stars
Best sipke shoes",5.0,"Good for fast bowler . I recommend this to every new fast bowler.
Read more"
Baby Girls Midi/Knee Length Festive/Wedding Dress Sleeveless,"5.0 out of 5 stars
Good",5.0,"It was beautiful
Read more"
Baby Girls Midi/Knee Length Festive/Wedding Dress Sleeveless,"2.0 out of 5 stars
very different from the picture",2.0,"very different from the picture. had to return it
Read more"
Jimmy Jammy Baby Boy Dress Clothing Set Soft Hosiery Cotton T-Shirt and Shorts Set Pack of 8 (4 T-Shirt + 4 Shorts) Multi ...,"5.0 out of 5 stars
Good product",5.0,"Good product
Read more"
Jimmy Jammy Baby Boy Dress Clothing Set Soft Hosiery Cotton T-Shirt and Shorts Set Pack of 8 (4 T-Shirt + 4 Shorts) Multi ...,"1.0 out of 5 stars
Waste of money",1.0,"Toooo poor quality. Polyester mix, all colors are like Faded.. poor and cheap stiching. After washing most of stiches will go we can see lot of holes.
Read more"
Jimmy Jammy Baby Boy Dress Clothing Set Soft Hosiery Cotton T-Shirt and Shorts Set Pack of 8 (4 T-Shirt + 4 Shorts) Multi ...,"4.0 out of 5 stars
Comfortable. Good fit",4.0,"Comfortable. Good fit
Read more"
Jimmy Jammy Baby Boy Dress Clothing Set Soft Hosiery Cotton T-Shirt and Shorts Set Pack of 8 (4 T-Shirt + 4 Shorts) Multi ...,"3.0 out of 5 stars
Its an ok product.Not perfect",3.0,"Its doesn't like.bcoz the material is not cotton and the design of the product is not same as in the picture
Read more"
Jimmy Jammy Baby Boy Dress Clothing Set Soft Hosiery Cotton T-Shirt and Shorts Set Pack of 8 (4 T-Shirt + 4 Shorts) Multi ...,"5.0 out of 5 stars
Excellent",5.0,"Worth for money.. I liked it
Read more"
Jimmy Jammy Baby Boy Dress Clothing Set Soft Hosiery Cotton T-Shirt and Shorts Set Pack of 8 (4 T-Shirt + 4 Shorts) Multi ...,"2.0 out of 5 stars
Not comfortable",2.0,"Dress material is not good
Read more"
Jimmy Jammy Baby Boy Dress Clothing Set Soft Hosiery Cotton T-Shirt and Shorts Set Pack of 8 (4 T-Shirt + 4 Shorts) Multi ...,"1.0 out of 5 stars
Waste of money.  Quality is not good",1.0,"Waste of money.  After seeing this order I have moved to cancel another booking order
Read more"
Jimmy Jammy Baby Boy Dress Clothing Set Soft Hosiery Cotton T-Shirt and Shorts Set Pack of 8 (4 T-Shirt + 4 Shorts) Multi ...,"5.0 out of 5 stars
Good",5.0,"Good
Read more"
Neska Moda Baby Girls Booties For 0 To 6 Months (Pink),"5.0 out of 5 stars
I loved it..",5.0,"I just love this booties..they r very comfortable and does not come out very easily...doesn't even need socks ... really good product..
Read more"
Neska Moda Baby Girls Booties For 0 To 6 Months (Pink),"4.0 out of 5 stars
Good choice",4.0,"Good for the price
Read more"
Neska Moda Baby Girls Booties For 0 To 6 Months (Pink),"5.0 out of 5 stars
Baby socks",5.0,"Nice product
Read more"
"Rebizo Unisex Cotton Clothing Set (Multi-Colored, Pack of 10 Piece, 0-3 Months)","5.0 out of 5 stars
Product is nice",5.0,"Quality is awesome and colors are very fresh
Read more"
"Rebizo Unisex Cotton Clothing Set (Multi-Colored, Pack of 10 Piece, 0-3 Months)","4.0 out of 5 stars
Just about good",4.0,"We finally had our baby, Sonaira, wear these.The fabric is indeed soft but not very durable.A couple of washes and the fabric seems to be wearing out.This needs closer inspection.Also, the stains are easy to clean.Nothing major in terms of being wrong but not great either...
Read more"
"Rebizo Unisex Cotton Clothing Set (Multi-Colored, Pack of 10 Piece, 0-3 Months)","3.0 out of 5 stars
Quality of cloth not good",3.0,"Quality of cloth not good
Read more"
"Rebizo Unisex Cotton Clothing Set (Multi-Colored, Pack of 10 Piece, 0-3 Months)","5.0 out of 5 stars
Good quality",5.0,"Very soft , very much comfort for babies. Value for money. In this price good quality and quantity set of 5 product so much happy. Thanks Amazon
Read more"
"Rebizo Unisex Cotton Clothing Set (Multi-Colored, Pack of 10 Piece, 0-3 Months)","1.0 out of 5 stars
Not satisfied",1.0,"I always wash baby cloths before using em and this one colour runs so bad (in every single wash). It looks totally different after a wash and m not satisfied with the look and feel of it. Quality is so-so. But for the price you get 5 sets. So that's something. Otherwise it's a waste. I wouldn't recommend this to anyone unless you're totally broke. I bought this because of full sleeves which was difficult to find for new borns. Pants are too tiny can't be worn with diaper, again a waste.
Read more"
"Rebizo Unisex Cotton Clothing Set (Multi-Colored, Pack of 10 Piece, 0-3 Months)","5.0 out of 5 stars
Quality clothes at low price",5.0,"These clothes fit perfectly for my one month old. They were comfortable n soft. The colours too remained intact.
Read more"
"Rebizo Unisex Cotton Clothing Set (Multi-Colored, Pack of 10 Piece, 0-3 Months)","2.0 out of 5 stars
Stitching quality is very poor, out of 5 pieces 3 pieces started tearing (loost the stitch)",2.0,"The pant elastic quality is of sub-standard, not good. Noticed 3 dresses has lost stitch, for bottom (middle of the both legs) and top (near the shoulder) I can notice it has opened. Since already used two dresses and while using the 3rd observed it I am not in a position to return.Softness & dress color is fine.Overall not a satisfactory product, better to buy another dresses.
Read more"
"Rebizo Unisex Cotton Clothing Set (Multi-Colored, Pack of 10 Piece, 0-3 Months)","4.0 out of 5 stars
Good Product - Serves the purpose to give warmth for newborns",4.0,"Worth and value for money. Bought for my 15days old baby and now he is 2 months old and still it is used. It will be big fit for tiny tots at the beginning. But it is wonderful to see your younger one growing along with the dress size.It works good even for moderate cold weather, incase you don't want your baby to drape wrap cloth or put on winter clothes.
Read more"
SOUTH SAILOR Baby Girls Cotton a-line Girls Dress (Multicolor_3 Months to 6 Years) Pack of 3,"5.0 out of 5 stars
.",5.0,"It's nt cotton bt it's mixed wool, soft though n perforated
Read more"
Truvic Baby Smart Newborn Premium Cotton Housiry Mittens Set/Hand Gloves/Muthi/to Keep Baby Hand Tender for Age 0 to 6 Months,"5.0 out of 5 stars
SUPER Quality WORTH buying.. GO for it. price affordable.",5.0,"I really really love the product üòç thank you so much Amazon n KR Garments.. really appreciate the quality of the product worth buying I highly recommend this. For all 6-7 months babies can wear this. Price it super adorable. I got them for 243 rupees. Also got the COMPLIMENTARY GIFT booties thankyou KR Garments üòç‚ù§Ô∏è
Read more"
Truvic Baby Smart Newborn Premium Cotton Housiry Mittens Set/Hand Gloves/Muthi/to Keep Baby Hand Tender for Age 0 to 6 Months,"4.0 out of 5 stars
Good buy",4.0,"A good product which fits a 0-3 month baby very well. Most mittens are too big, this elastic is ideal for them and doesn't come off easily.
Read more"
Truvic Baby Smart Newborn Premium Cotton Housiry Mittens Set/Hand Gloves/Muthi/to Keep Baby Hand Tender for Age 0 to 6 Months,"3.0 out of 5 stars
Ok product",3.0,"The mittens are of ok quality. Soft and easy to use. The stitch quality could be better
Read more"
Truvic Baby Smart Newborn Premium Cotton Housiry Mittens Set/Hand Gloves/Muthi/to Keep Baby Hand Tender for Age 0 to 6 Months,"5.0 out of 5 stars
Good",5.0,"Nice mittens but bit costly.happy with the quality.
Read more"
Truvic Baby Smart Newborn Premium Cotton Housiry Mittens Set/Hand Gloves/Muthi/to Keep Baby Hand Tender for Age 0 to 6 Months,"1.0 out of 5 stars
Cheap mittens",1.0,"Mittens are low quality and so big for new born. I requested for return which is approved by seller but Amazon pickup person cancelled stating price tag not available. The price tag was not available when product came in. Due to seller policy, the quantity ordered were minimum 2. Do not buy. Amazon customer care doesn't pick up call to report return n refund.
Read more"
Truvic Baby Smart Newborn Premium Cotton Housiry Mittens Set/Hand Gloves/Muthi/to Keep Baby Hand Tender for Age 0 to 6 Months,"2.0 out of 5 stars
Fabric is not good at all and received different colours as shown in picture",2.0,"Fabric is not worth it at all colour also different as per picture and received same colour Mitten but in picture showing different colours not worth it to buy
Read more"
Truvic Baby Smart Newborn Premium Cotton Housiry Mittens Set/Hand Gloves/Muthi/to Keep Baby Hand Tender for Age 0 to 6 Months,"4.0 out of 5 stars
Okay",4.0,"Though it doesn't come like the picture I have no problem with the product and the price. Its good for summertime as the material is light.
Read more"
Truvic Baby Smart Newborn Premium Cotton Housiry Mittens Set/Hand Gloves/Muthi/to Keep Baby Hand Tender for Age 0 to 6 Months,"5.0 out of 5 stars
Good product",5.0,"Very useful
Read more"
"Neska Moda Unisex Set Of 3 Pair Booties for 6 to 12 Months (Black,Red,Pink)","5.0 out of 5 stars
Beautiful",5.0,"Looking nice and beautiful
Read more"
"Neska Moda Unisex Set Of 3 Pair Booties for 6 to 12 Months (Black,Red,Pink)","3.0 out of 5 stars
Ok",3.0,"Soft & good but the butterflies came off almost immediately when my baby was pulling those...butterflies are not stitched but glued.
Read more"
"Neska Moda Unisex Set Of 3 Pair Booties for 6 to 12 Months (Black,Red,Pink)","4.0 out of 5 stars
Shoe",4.0,"Very nice
Read more"
"Neska Moda Unisex Set Of 3 Pair Booties for 6 to 12 Months (Black,Red,Pink)","5.0 out of 5 stars
Comfortable shoes for baby üê•",5.0,"Nice product
Read more"
"Neska Moda Unisex Set Of 3 Pair Booties for 6 to 12 Months (Black,Red,Pink)","3.0 out of 5 stars
Too big n too small at the same time",3.0,"Got this for my 1 year old. The ankle part is difficult to get into and you need to do mini exercise with an active toddler for it to fit. But once worn fits snugly and doesn‚Äôt slip.
Read more"
"Neska Moda Unisex Set Of 3 Pair Booties for 6 to 12 Months (Black,Red,Pink)","5.0 out of 5 stars
Best Product to buy",5.0,"This shoes nicely fit with my son legs. Appearance is fantastic as same as image shown in the image. Fully satisfied.
Read more"
"Neska Moda Unisex Set Of 3 Pair Booties for 6 to 12 Months (Black,Red,Pink)","5.0 out of 5 stars
very good",5.0,"very Good
Read more"
"Neska Moda Unisex Set Of 3 Pair Booties for 6 to 12 Months (Black,Red,Pink)","5.0 out of 5 stars
Nice product",5.0,"The media could not be loaded.
                



¬†Nice product
Read more"
Baby Boy and Baby Girl's Cartoon Print Full Sleeves Soft Cotton Casual Jhabla T-Shirt with Pyjama Pants Dress for Kids Inf...,"5.0 out of 5 stars
Good quality",5.0,"I like it... Because it's very soft for my new born baby
Read more"
Baby Boy and Baby Girl's Cartoon Print Full Sleeves Soft Cotton Casual Jhabla T-Shirt with Pyjama Pants Dress for Kids Inf...,"1.0 out of 5 stars
Pathetic quality",1.0,"Bad very bad
Read more"
Baby Boy and Baby Girl's Cartoon Print Full Sleeves Soft Cotton Casual Jhabla T-Shirt with Pyjama Pants Dress for Kids Inf...,"3.0 out of 5 stars
Good",3.0,"Nice product
Read more"
Baby Boy and Baby Girl's Cartoon Print Full Sleeves Soft Cotton Casual Jhabla T-Shirt with Pyjama Pants Dress for Kids Inf...,"2.0 out of 5 stars
Fabric",2.0,"Fabric quality is poor.
Read more"
Baby Boy and Baby Girl's Cartoon Print Full Sleeves Soft Cotton Casual Jhabla T-Shirt with Pyjama Pants Dress for Kids Inf...,"1.0 out of 5 stars
Fraud",1.0,"It is written that those are cotton dress but originally those are synthetic
Read more"
Baby Boy and Baby Girl's Cartoon Print Full Sleeves Soft Cotton Casual Jhabla T-Shirt with Pyjama Pants Dress for Kids Inf...,"5.0 out of 5 stars
Wow I found great product",5.0,"Good product, comfortable, quality is awesome
Read more"
Baby Boy and Baby Girl's Cartoon Print Full Sleeves Soft Cotton Casual Jhabla T-Shirt with Pyjama Pants Dress for Kids Inf...,"2.0 out of 5 stars
Not good quality",2.0,"The material is synthetic and not suitable for new born babies. The material is not at all comfortable for the baby.
Read more"
Baby Boy and Baby Girl's Cartoon Print Full Sleeves Soft Cotton Casual Jhabla T-Shirt with Pyjama Pants Dress for Kids Inf...,"3.0 out of 5 stars
Quality bad",3.0,"Product was not comfortable
Read more"
"FreshFoot Cute and Colourful New Born Baby socks Set 0 to 12 months,(Size 0-12 Months)(Pack of 6) Cartoon, (Multicolored)","5.0 out of 5 stars
It's good...",5.0,"It's awesome...& soft material....Go fr it... Over all...I liked the product so much..tq Amazon...
Read more"
"FreshFoot Cute and Colourful New Born Baby socks Set 0 to 12 months,(Size 0-12 Months)(Pack of 6) Cartoon, (Multicolored)","4.0 out of 5 stars
Good product üëçüëç",4.0,"Good Quality , comfort
Read more"
"FreshFoot Cute and Colourful New Born Baby socks Set 0 to 12 months,(Size 0-12 Months)(Pack of 6) Cartoon, (Multicolored)","3.0 out of 5 stars
Bad quality,,it Chinese product please.....",3.0,"Not same as pictures..more over its Chinese product
Read more"
"FreshFoot Cute and Colourful New Born Baby socks Set 0 to 12 months,(Size 0-12 Months)(Pack of 6) Cartoon, (Multicolored)","5.0 out of 5 stars
Nice colour and nice clothes",5.0,"Nice productAnd very comfortable my boy
Read more"
"FreshFoot Cute and Colourful New Born Baby socks Set 0 to 12 months,(Size 0-12 Months)(Pack of 6) Cartoon, (Multicolored)","1.0 out of 5 stars
To slippery",1.0,"It doesn't stay in my babies feet it slips and falls prints are ok only cars in picture it is shown different...
Read more"
"FreshFoot Cute and Colourful New Born Baby socks Set 0 to 12 months,(Size 0-12 Months)(Pack of 6) Cartoon, (Multicolored)","4.0 out of 5 stars
Received two same pairs",4.0,"From 6 pairs 2 pairs are same. Quality is good enough for wearing by a new born,in light winters. It is free size so a little loose for my 4 month old. Material is soft. Worth the price.
Read more"
"FreshFoot Cute and Colourful New Born Baby socks Set 0 to 12 months,(Size 0-12 Months)(Pack of 6) Cartoon, (Multicolored)","5.0 out of 5 stars
Very nice collar l loved it",5.0,"Go for it
Read more"
"FreshFoot Cute and Colourful New Born Baby socks Set 0 to 12 months,(Size 0-12 Months)(Pack of 6) Cartoon, (Multicolored)","2.0 out of 5 stars
Quality is poor",2.0,"After 1 wash socks became loose quality is also not good
Read more"
Baby Boys & Baby Girls Regular Shorts V2 (Pack of 10),"5.0 out of 5 stars
Best Quality Product",5.0,"Best quality with affordable priceGo for it
Read more"
Baby Boys & Baby Girls Regular Shorts V2 (Pack of 10),"5.0 out of 5 stars
Best one",5.0,"Very good quality, color's, size,  ext... worth for money 100%...
Read more"
Baby Boys & Baby Girls Regular Shorts V2 (Pack of 10),"5.0 out of 5 stars
Nice",5.0,"Correct size and good quality
Read more"
Baby Boys & Baby Girls Regular Shorts V2 (Pack of 10),"3.0 out of 5 stars
Elastic is to short nd tight for this size",3.0,"Elastic is to short nd tight for this size
Read more"
Baby Boys & Baby Girls Regular Shorts V2 (Pack of 10),"5.0 out of 5 stars
Perfect for summer",5.0,"I really like the shorts. They have really cute designs. Perfect for summer. Very airy and comfortable.
Read more"
Baby Boys & Baby Girls Regular Shorts V2 (Pack of 10),"2.0 out of 5 stars
Not good",2.0,"Size is small nd not good quality nd not soft
Read more"
Baby Boys & Baby Girls Regular Shorts V2 (Pack of 10),"5.0 out of 5 stars
very good after multiple washes as well.",5.0,"Very good product.
Read more"
Baby Boys & Baby Girls Regular Shorts V2 (Pack of 10),"1.0 out of 5 stars
Too small for 1 year baby. Also every single boxer is different in size. Need to return.",1.0,"Cheap material, poor stitches and too small. Plus they all are in different sizes. No uniformity in size.
Read more"
3BROS Newborn Baby Socks & Mittens Set 100% Cotton (Pack of 10 Pair),"5.0 out of 5 stars
Super",5.0,"The product was amzging super quilty
Read more"
3BROS Newborn Baby Socks & Mittens Set 100% Cotton (Pack of 10 Pair),"1.0 out of 5 stars
Worst product",1.0,"Firstly, I have received only 5 out of four products. Second, the quality of the product is not good. Cloth feels very harsh and with only single layer and also there are no prints it was plain with different colours. Disappointed
Read more"
3BROS Newborn Baby Socks & Mittens Set 100% Cotton (Pack of 10 Pair),"3.0 out of 5 stars
OK for us",3.0,"Good but little tight in babies hands
Read more"
3BROS Newborn Baby Socks & Mittens Set 100% Cotton (Pack of 10 Pair),"4.0 out of 5 stars
Cotton mittens",4.0,"Fitting well in my new borns hands. Quality is ok, cotton cloth which is not that good
Read more"
3BROS Newborn Baby Socks & Mittens Set 100% Cotton (Pack of 10 Pair),"2.0 out of 5 stars
Different",2.0,"The product were not same as shown and it's too small for the baby. I have returned it.
Read more"
3BROS Newborn Baby Socks & Mittens Set 100% Cotton (Pack of 10 Pair),"1.0 out of 5 stars
Ok",1.0,".
Read more"
3BROS Newborn Baby Socks & Mittens Set 100% Cotton (Pack of 10 Pair),"2.0 out of 5 stars
Lastik is so tight‚Ä¶",2.0,"mitten size is ok but it‚Äôs lastik is so tight that it don‚Äôt get fit to new born
Read more"
3BROS Newborn Baby Socks & Mittens Set 100% Cotton (Pack of 10 Pair),"1.0 out of 5 stars
below 1 month baby it will fit",1.0,"do not buy if the baby is more than a month old
Read more"
SYGA Baby Girls Rose Floral Headbands Hairbands Hair Accessories Rabbit Ears Nylon Elastic Headband Newborn Infant Toddler...,"5.0 out of 5 stars
Nice",5.0,"Nice
Read more"
SYGA Baby Girls Rose Floral Headbands Hairbands Hair Accessories Rabbit Ears Nylon Elastic Headband Newborn Infant Toddler...,"4.0 out of 5 stars
It's not same as in the picture",4.0,"As my daughter like it so I am fine. But flowers size is smaller than in picture
Read more"
SYGA Baby Girls Rose Floral Headbands Hairbands Hair Accessories Rabbit Ears Nylon Elastic Headband Newborn Infant Toddler...,"1.0 out of 5 stars
Not at all like shown in picture",1.0,"Material is soft but the make of the flowers is bad and cheap quality.  Wasted money!
Read more"
SYGA Baby Girls Rose Floral Headbands Hairbands Hair Accessories Rabbit Ears Nylon Elastic Headband Newborn Infant Toddler...,"2.0 out of 5 stars
Not as beautiful as in picture",2.0,"Doesn‚Äôt look like picture .looks cheap
Read more"
SYGA Baby Girls Rose Floral Headbands Hairbands Hair Accessories Rabbit Ears Nylon Elastic Headband Newborn Infant Toddler...,"5.0 out of 5 stars
Value for money",5.0,"Can buy
Read more"
SYGA Baby Girls Rose Floral Headbands Hairbands Hair Accessories Rabbit Ears Nylon Elastic Headband Newborn Infant Toddler...,"5.0 out of 5 stars
Headband",5.0,"Amazing soft band must buy
Read more"
SYGA Baby Girls Rose Floral Headbands Hairbands Hair Accessories Rabbit Ears Nylon Elastic Headband Newborn Infant Toddler...,"1.0 out of 5 stars
Not look good",1.0,"Product is not exact look old
Read more"
SYGA Baby Girls Rose Floral Headbands Hairbands Hair Accessories Rabbit Ears Nylon Elastic Headband Newborn Infant Toddler...,"5.0 out of 5 stars
Product description",5.0,"The media could not be loaded.
                



¬†Very nice product,,,soft and comfortable
Read more"
Bubblegummers Baby-Boys Printed Softy First Walking Shoes,"5.0 out of 5 stars
Cute and comfortable first shoes for kids",5.0,"It smells of bubblegum for sure. Fitting as expected, look comfortable and lightweight, and the daughter is super happy wearing them. Not sure why they are being sold as boy's sneakers.
Read more"
Bubblegummers Baby-Boys Printed Softy First Walking Shoes,"4.0 out of 5 stars
Good to go",4.0,"Good product, fits exactly as per size mentioned
Read more"
Bubblegummers Baby-Boys Printed Softy First Walking Shoes,"5.0 out of 5 stars
Fits well for a 15m old kid.",5.0,"Fits well for a 15m old kid. Smells like bubble gum and its amazing. Soft and comfortable shoes for kids.
Read more"
Bubblegummers Baby-Boys Printed Softy First Walking Shoes,"1.0 out of 5 stars
Smells funny even days later",1.0,"Smells like chewing gum even days after the purchase. My child refuses to wear them.
Read more"
Bubblegummers Baby-Boys Printed Softy First Walking Shoes,"5.0 out of 5 stars
Great purchaseüëç",5.0,"Very nice product at this cost. Just loved it. No shoe bite, no rashes.
Read more"
Bubblegummers Baby-Boys Printed Softy First Walking Shoes,"4.0 out of 5 stars
Valuable for Money...",4.0,"Product quantity good and perfect fit..
Read more"
Bubblegummers Baby-Boys Printed Softy First Walking Shoes,"5.0 out of 5 stars
Excellent",5.0,"Beautiful
Read more"
Bubblegummers Baby-Boys Printed Softy First Walking Shoes,"2.0 out of 5 stars
One shoe became loose after a day!",2.0,"I have bought a larger size of the exact same shoe earlier and it functioned well for months. However, this pair bought on Amazon turned out to be faulty. While the size was true, one of the shoes started coming off after only a day's use. No matter how many times we put it back on the child's feet, it comes off, pointing a manufacturing defect. It would have been better if we had bought this from a physical store as the earlier pair.
Read more"
SMARTOTS Kids Infant Laces CHU CHU Sound Shoes for Baby Boys/Girls CHU-CHU-1,"5.0 out of 5 stars
Good and cost-effective",5.0,"The product was found good as far as fitting is concerned for a 14 month baby. The colour looks very good on kids with fair complexion.
Read more"
SMARTOTS Kids Infant Laces CHU CHU Sound Shoes for Baby Boys/Girls CHU-CHU-1,"3.0 out of 5 stars
Thik hai lekin ek hole nhi Kiya huaa h phir v mai rakh leti hu.",3.0,"The media could not be loaded.
                



¬†Damage h Thora but mujhe kal ki jarurat h to rakh leti hu next time Aisa mat bhejo
Read more"
SMARTOTS Kids Infant Laces CHU CHU Sound Shoes for Baby Boys/Girls CHU-CHU-1,"2.0 out of 5 stars
Different product",2.0,"Different from the product bought, needed lace shoes got slip on which are slightly tight. And soul is hard for kids. Quality not good
Read more"
SMARTOTS Kids Infant Laces CHU CHU Sound Shoes for Baby Boys/Girls CHU-CHU-1,"5.0 out of 5 stars
Good one",5.0,"My son wears the shoes n he enjoys
Read more"
SMARTOTS Kids Infant Laces CHU CHU Sound Shoes for Baby Boys/Girls CHU-CHU-1,"5.0 out of 5 stars
Na",5.0,"Good Quality
Read more"
SMARTOTS Kids Infant Laces CHU CHU Sound Shoes for Baby Boys/Girls CHU-CHU-1,"5.0 out of 5 stars
Good",5.0,"Fit as expected
Read more"
SMARTOTS Kids Infant Laces CHU CHU Sound Shoes for Baby Boys/Girls CHU-CHU-1,"5.0 out of 5 stars
Good",5.0,"Good
Read more"
A.T.U.N Girl's Cotton A-Line Mini Dress,"1.0 out of 5 stars
Cheap quality fabric..price should not be more than 150 RS.",1.0,"Cheap quality fabric not worth with the price
Read more"
DADDY - G¬Æ Baby Gifts Set for New Born Unisex Clothing Gift Hamper 6Pcs,"5.0 out of 5 stars
Great",5.0,"Good stuff
Read more"
DADDY - G¬Æ Baby Gifts Set for New Born Unisex Clothing Gift Hamper 6Pcs,"4.0 out of 5 stars
Good for gifting",4.0,"Design n color is slightly different but it's good for gifting, along with that I had ordered baby nail grooming set from luvlap so it went well with that!
Read more"
DADDY - G¬Æ Baby Gifts Set for New Born Unisex Clothing Gift Hamper 6Pcs,"1.0 out of 5 stars
Shipment damage product fine",1.0,Read more
DADDY - G¬Æ Baby Gifts Set for New Born Unisex Clothing Gift Hamper 6Pcs,"2.0 out of 5 stars
Not good",2.0,"Not good quality
Read more"
Bunnies Unisex-Child Walking Shoes,"5.0 out of 5 stars
Lovely",5.0,"Quality  of product  is very nice ...my daughter  love to ware it .
Read more"
Bunnies Unisex-Child Walking Shoes,"4.0 out of 5 stars
Good product",4.0,"Good product  helpfull this item  Thanks amezon  Company
Read more"
Bunnies Unisex-Child Walking Shoes,"3.0 out of 5 stars
Average",3.0,"Average
Read more"
Bunnies Unisex-Child Walking Shoes,"4.0 out of 5 stars
But good quality product",4.0,"Just ok
Read more"
Bunnies Unisex-Child Walking Shoes,"5.0 out of 5 stars
Worth it",5.0,"So classy, my son look little toll and am so happy with color and fitness.
Read more"
Bunnies Unisex-Child Walking Shoes,"5.0 out of 5 stars
Best quality i'm happy sooooo much.",5.0,"Lovely shoo.nice colour.good quality product.
Read more"
Bunnies Unisex-Child Walking Shoes,"3.0 out of 5 stars
hahahahaha.......",3.0,"I thought that the product is from woodland after noticing side embossing woodland trademark on shoe as seen in picture.when delivered, it was different one. But the product is same what i had ordered and satisfied except the aforesaid case.
Read more"
Bunnies Unisex-Child Walking Shoes,"4.0 out of 5 stars
Good",4.0,"Nice product
Read more"
"KNITROOT Monthly Birthday Teddy Special Unisex Baby Romper Half Sleeve Envelope Neck ""3 Month Old""","5.0 out of 5 stars
Worthy!",5.0,"The material is nice. Color is good and I didn't fade. Fit for 0 to 3 month was perfect. Thank u.
Read more"
"KNITROOT Monthly Birthday Teddy Special Unisex Baby Romper Half Sleeve Envelope Neck ""3 Month Old""","4.0 out of 5 stars
Good for baby photoshoot üòç",4.0,"Quality is not that great and price is bit high. But the print is very cute.
Read more"
"KNITROOT Monthly Birthday Teddy Special Unisex Baby Romper Half Sleeve Envelope Neck ""3 Month Old""","5.0 out of 5 stars
Very nice",5.0,"A very good product for babies. Stretchable so you can easily make wear to your baby and also print is very nice.
Read more"
"KNITROOT Monthly Birthday Teddy Special Unisex Baby Romper Half Sleeve Envelope Neck ""3 Month Old""","3.0 out of 5 stars
Size is small for 4 months baby.",3.0,"Material is not so good. Not worth of rs 499. Also I have ordered peach colour but they send me white so I am totally disappointed. Amazon Service is best as always .
Read more"
"KNITROOT Monthly Birthday Teddy Special Unisex Baby Romper Half Sleeve Envelope Neck ""3 Month Old""","1.0 out of 5 stars
Product size",1.0,"Product size is not as per the tag. I have purchased size M for 3 to 6 months but the size is smaller. If any one wants to buy go for bigger sizes
Read more"
"KNITROOT Monthly Birthday Teddy Special Unisex Baby Romper Half Sleeve Envelope Neck ""3 Month Old""","5.0 out of 5 stars
Perfect size",5.0,"Material is good and size is perfect, happy ‚ò∫Ô∏è
Read more"
"KNITROOT Monthly Birthday Teddy Special Unisex Baby Romper Half Sleeve Envelope Neck ""3 Month Old""","4.0 out of 5 stars
Gorgeous üòç",4.0,"It suited well for my baby girl's monthly phoshoot. She is so pretty in this pink dress.  But we can't use this later on more than a month or couple of months since it is exact in size for 2-3 months baby. Otherwise it is super cool.
Read more"
"KNITROOT Monthly Birthday Teddy Special Unisex Baby Romper Half Sleeve Envelope Neck ""3 Month Old""","5.0 out of 5 stars
Excellent",5.0,"Excellent
Read more"
SAFESHOP - (Pack of 4 Shorts) Regular Printed Shorts for Your Little One (Unisex) Multi-Coloured Shorts - Print/Colour May...,"5.0 out of 5 stars
5:star",5.0,"For the price paid the product is quite satisfying. Looks and touch both are nice.
Read more"
SAFESHOP - (Pack of 4 Shorts) Regular Printed Shorts for Your Little One (Unisex) Multi-Coloured Shorts - Print/Colour May...,"4.0 out of 5 stars
Good product",4.0,"One is defective..one leg is short n one leg is long..bt fabric is good..
Read more"
SAFESHOP - (Pack of 4 Shorts) Regular Printed Shorts for Your Little One (Unisex) Multi-Coloured Shorts - Print/Colour May...,"1.0 out of 5 stars
Useless",1.0,"The quality is too bad, not usable posr first wash.avoid or repent.
Read more"
SAFESHOP - (Pack of 4 Shorts) Regular Printed Shorts for Your Little One (Unisex) Multi-Coloured Shorts - Print/Colour May...,"3.0 out of 5 stars
2 prints are different from the selected ones",3.0,"The quality of the pants are good but since it's a combo pack of 4 pants, 2 of the prints are totally different. I had ordered for my 6year old boy but the print is a pink pant with white polka dots. You can see the pic. Will have to make him wear at bed time now(only if he agrees to wear them)
Read more"
SAFESHOP - (Pack of 4 Shorts) Regular Printed Shorts for Your Little One (Unisex) Multi-Coloured Shorts - Print/Colour May...,"2.0 out of 5 stars
Ok ok",2.0,"Fabric not good
Read more"
SAFESHOP - (Pack of 4 Shorts) Regular Printed Shorts for Your Little One (Unisex) Multi-Coloured Shorts - Print/Colour May...,"3.0 out of 5 stars
Doesn't feel and look like cotton",3.0,"Doesn't look and feel like cotton as mentioned in product dicription. It's not cotton.
Read more"
SAFESHOP - (Pack of 4 Shorts) Regular Printed Shorts for Your Little One (Unisex) Multi-Coloured Shorts - Print/Colour May...,"2.0 out of 5 stars
Not a good quality.",2.0,"Not a good quality.
Read more"
SAFESHOP - (Pack of 4 Shorts) Regular Printed Shorts for Your Little One (Unisex) Multi-Coloured Shorts - Print/Colour May...,"1.0 out of 5 stars
Show 4pic if u are giving 4.dnt show 5pic.",1.0,"I received 4no pants though the picture in ur add showing 5. Title and picture are confusing customers. All are different from pic. Even my currior partner was confused weather he take it or not. Quality wise its soft. But all are dull color. Very disappointed with the service.
Read more"
"FreshFoot Cute and Colourful New Born Baby socks Set 0 to 12 months, Combo set-3 Pairs socks, 3 Pairs Head-caps, 3 pairs h...","5.0 out of 5 stars
Not as in the picture",5.0,"Although not as in the picture, quality is really good. Baby loved it. Especially the socks.
Read more"
"FreshFoot Cute and Colourful New Born Baby socks Set 0 to 12 months, Combo set-3 Pairs socks, 3 Pairs Head-caps, 3 pairs h...","4.0 out of 5 stars
OK for the price",4.0,"Quality is as per price and good for summer wear.
Read more"
"FreshFoot Cute and Colourful New Born Baby socks Set 0 to 12 months, Combo set-3 Pairs socks, 3 Pairs Head-caps, 3 pairs h...","3.0 out of 5 stars
ok",3.0,"received different cloths.. quality is fine
Read more"
"FreshFoot Cute and Colourful New Born Baby socks Set 0 to 12 months, Combo set-3 Pairs socks, 3 Pairs Head-caps, 3 pairs h...","5.0 out of 5 stars
Nice soft material for baby",5.0,"It was soft material with good quality reasonable price
Read more"
"FreshFoot Cute and Colourful New Born Baby socks Set 0 to 12 months, Combo set-3 Pairs socks, 3 Pairs Head-caps, 3 pairs h...","1.0 out of 5 stars
Products are not coming as it shown",1.0,"Materials are ok but not very satisfied
Read more"
"FreshFoot Cute and Colourful New Born Baby socks Set 0 to 12 months, Combo set-3 Pairs socks, 3 Pairs Head-caps, 3 pairs h...","4.0 out of 5 stars
OK ok h bs",4.0,"Socks is too loose from ankle.apne aap pair se nikal jate h. OK ok h socks. Caps osam h. Bt mittens so so h
Read more"
"FreshFoot Cute and Colourful New Born Baby socks Set 0 to 12 months, Combo set-3 Pairs socks, 3 Pairs Head-caps, 3 pairs h...","5.0 out of 5 stars
Baby combo set of 3- cap, socks and gloves",5.0,"Cute baby cap with socks and gloves..liked it at the very first look
Read more"
"FreshFoot Cute and Colourful New Born Baby socks Set 0 to 12 months, Combo set-3 Pairs socks, 3 Pairs Head-caps, 3 pairs h...","3.0 out of 5 stars
good product",3.0,"really very nice product.
Read more"
Hopscotch Girls Navy Polka Print Blouse And Shorts Set 6(9-12 Months) YTS-1465894,"5.0 out of 5 stars
Marvelous",5.0,"Product was so beautiful as brand it is. Very good quality and comfort to wear also.
Read more"
Hopscotch Girls Navy Polka Print Blouse And Shorts Set 6(9-12 Months) YTS-1465894,"5.0 out of 5 stars
Nice",5.0,"Good product
Read more"
"Neska Moda Unisex Baby Booties For 6 To 9 Months (White,Blue)","5.0 out of 5 stars
Neska moda unisex baby boot",5.0,"Very nice protect.loves it andots very good and soft for babies.its so comfortable.can
Read more"
"Neska Moda Unisex Baby Booties For 6 To 9 Months (White,Blue)","5.0 out of 5 stars
Nice product",5.0,"Good
Read more"
"Neska Moda Unisex Baby Booties For 6 To 9 Months (White,Blue)","4.0 out of 5 stars
Soo good",4.0,"This product  is good.  Thanks
Read more"
"Neska Moda Unisex Baby Booties For 6 To 9 Months (White,Blue)","4.0 out of 5 stars
Got it as shown",4.0,"Good useful product
Read more"
"Neska Moda Unisex Baby Booties For 6 To 9 Months (White,Blue)","4.0 out of 5 stars
Four Stars",4.0,"Satisfactory
Read more"
CHIU Unisex Shoes,"5.0 out of 5 stars
Perfect",5.0,"Light in weight.. my baby likes it very much.. she wears it everyday
Read more"
CHIU Unisex Shoes,"4.0 out of 5 stars
Nice",4.0,"Like it .but price could have to be cheaper.
Read more"
CHIU Unisex Shoes,"3.0 out of 5 stars
Not worthble",3.0,"Not worthy
Read more"
CHIU Unisex Shoes,"5.0 out of 5 stars
Woww",5.0,"Perfect for my 5 mnth old baby .. looking cute and beautiful ...
Read more"
CHIU Unisex Shoes,"5.0 out of 5 stars
Perfect fit..nice and comfortable..",5.0,"Perfect fit
Read more"
CHIU Unisex Shoes,"2.0 out of 5 stars
Low quality",2.0,"Not good
Read more"
CHIU Unisex Shoes,"4.0 out of 5 stars
Good",4.0,"Good but prize is higher than quality
Read more"
CHIU Unisex Shoes,"1.0 out of 5 stars
Over priced",1.0,"Over priced
Read more"
CLOTHERA Fedora Jute Round Hat (Pack of 2) Multicolor & Beige for Babies Photoshoot (6 Months to 9 Months) Black,"2.0 out of 5 stars
I order cream color but i got white color",2.0,Read more
CLOTHERA Fedora Jute Round Hat (Pack of 2) Multicolor & Beige for Babies Photoshoot (6 Months to 9 Months) Black,"4.0 out of 5 stars
Good Fedoras for babies",4.0,"Hats are stylish. But size is small for even a 3 year old kid.
Read more"
CLOTHERA Fedora Jute Round Hat (Pack of 2) Multicolor & Beige for Babies Photoshoot (6 Months to 9 Months) Black,"4.0 out of 5 stars
üëç",4.0,"üëç
Read more"
CLOTHERA Fedora Jute Round Hat (Pack of 2) Multicolor & Beige for Babies Photoshoot (6 Months to 9 Months) Black,"4.0 out of 5 stars
Very good quality",4.0,"Nice fabric, great fitting
Read more"
"ANCHOR Ankle Length Cotton Socks for Baby Boy And Baby Girl, Pack of 5 Pairs, Multicoloured","5.0 out of 5 stars
Good quality",5.0,"I liked the product it worth the money
Read more"
"ANCHOR Ankle Length Cotton Socks for Baby Boy And Baby Girl, Pack of 5 Pairs, Multicoloured","4.0 out of 5 stars
Good quality but Size bigger for 0-6 months",4.0,"Quality is very good and grip of new pair is strong. Got 6months socks for my 10month old daughter. I find it expensive as you get same thing in local market for half the price
Read more"
"ANCHOR Ankle Length Cotton Socks for Baby Boy And Baby Girl, Pack of 5 Pairs, Multicoloured","2.0 out of 5 stars
Ok buy",2.0,"Not great qualityShrinks a lot after one wash
Read more"
"ANCHOR Ankle Length Cotton Socks for Baby Boy And Baby Girl, Pack of 5 Pairs, Multicoloured","5.0 out of 5 stars
Super cute",5.0,"Must buy and fabric is still nice in color and soft after wash
Read more"
Hopscotch Boys Cotton and Spandex Full Sleeves Animal Printed Sweatshirt and Jeans Set in Beige Color,"1.0 out of 5 stars
print quality not good",1.0,"picture  printing  quality is not good
Read more"
Hopscotch Boys Cotton and Spandex Full Sleeves Animal Printed Sweatshirt and Jeans Set in Beige Color,"5.0 out of 5 stars
Best quality material for the price worth it",5.0,"Bought this 1 year old boy, looks very cutee pretty and nice to wear design looks nice for a baby no other issues
Read more"
Hopscotch Boys Cotton and Spandex Full Sleeves Animal Printed Sweatshirt and Jeans Set in Beige Color,"1.0 out of 5 stars
Not at all matching with image shown",1.0,"Not at all matching with image shown...Size is too small
Read more"
Hopscotch Boys Cotton and Spandex Full Sleeves Animal Printed Sweatshirt and Jeans Set in Beige Color,"1.0 out of 5 stars
Poir quality",1.0,"Poor quality üò¢
Read more"
Hopscotch Boys Cotton and Spandex Full Sleeves Animal Printed Sweatshirt and Jeans Set in Beige Color,"2.0 out of 5 stars
Don't buy",2.0,"Pant is very horrible and quality and finishing is very bad..not worth the price..
Read more"
Baby Boys & Baby Girls Regular Shorts V2 (Pack of 10),"5.0 out of 5 stars
Best Quality Product",5.0,"Best quality with affordable priceGo for it
Read more"
Baby Boys & Baby Girls Regular Shorts V2 (Pack of 10),"5.0 out of 5 stars
Best one",5.0,"Very good quality, color's, size,  ext... worth for money 100%...
Read more"
Baby Boys & Baby Girls Regular Shorts V2 (Pack of 10),"5.0 out of 5 stars
Nice",5.0,"Correct size and good quality
Read more"
Baby Boys & Baby Girls Regular Shorts V2 (Pack of 10),"3.0 out of 5 stars
Elastic is to short nd tight for this size",3.0,"Elastic is to short nd tight for this size
Read more"
Baby Boys & Baby Girls Regular Shorts V2 (Pack of 10),"5.0 out of 5 stars
Perfect for summer",5.0,"I really like the shorts. They have really cute designs. Perfect for summer. Very airy and comfortable.
Read more"
Baby Boys & Baby Girls Regular Shorts V2 (Pack of 10),"2.0 out of 5 stars
Not good",2.0,"Size is small nd not good quality nd not soft
Read more"
Baby Boys & Baby Girls Regular Shorts V2 (Pack of 10),"5.0 out of 5 stars
very good after multiple washes as well.",5.0,"Very good product.
Read more"
Baby Boys & Baby Girls Regular Shorts V2 (Pack of 10),"1.0 out of 5 stars
Too small for 1 year baby. Also every single boxer is different in size. Need to return.",1.0,"Cheap material, poor stitches and too small. Plus they all are in different sizes. No uniformity in size.
Read more"
Hopscotch Girls Polyester Viscose Sleeveless Floral Applique Party Dress in Turquoise Color,"5.0 out of 5 stars
Good",5.0,"Good
Read more"
Hopscotch Girls Polyester Viscose Sleeveless Floral Applique Party Dress in Turquoise Color,"4.0 out of 5 stars
Good quality",4.0,"The quality is good but coarse. My daughter is not too comfortable wearing it as the material is coarse. The colour is exactly as shown in the pic. A little expensive.
Read more"
Hopscotch Girls Polyester Viscose Sleeveless Floral Applique Party Dress in Turquoise Color,"5.0 out of 5 stars
Same product!",5.0,"super..same as shown in picture..soft cotton material lining..it will be more cmfrbale for the baby.
Read more"
Hopscotch Girls Polyester Viscose Sleeveless Floral Applique Party Dress in Turquoise Color,"3.0 out of 5 stars
Dress is good",3.0,"Dress is beautiful but colour not good.fade colour.
Read more"
Hopscotch Girls Polyester Viscose Sleeveless Floral Applique Party Dress in Turquoise Color,"1.0 out of 5 stars
Total fail product and service from AMAZON",1.0,"Dnot purchase any product from Amazon , they are picking up the product Nd not refunding the money. My money is blocked from past 6 months for this product, product is too bad qualityNot good at allTotal failure
Read more"
Hopscotch Girls Polyester Viscose Sleeveless Floral Applique Party Dress in Turquoise Color,"5.0 out of 5 stars
Beautiful dress",5.0,"Very comfortable
Read more"
Hopscotch Girls Polyester Viscose Sleeveless Floral Applique Party Dress in Turquoise Color,"3.0 out of 5 stars
Ok ok",3.0,"Ok ok product
Read more"
Hopscotch Girls Polyester Viscose Sleeveless Floral Applique Party Dress in Turquoise Color,"2.0 out of 5 stars
Not bad",2.0,"Price high
Read more"
"LuvLap Boys Sleeveless T-Shirt & Shorts Set, For Baby, Infants & Toddlers, Multicolour, 100% Cotton, Pack Of 2 (18 to 24 m...","5.0 out of 5 stars
Appriciate",5.0,"It's too much. Good material...I love this clothes
Read more"
"LuvLap Boys Sleeveless T-Shirt & Shorts Set, For Baby, Infants & Toddlers, Multicolour, 100% Cotton, Pack Of 2 (18 to 24 m...","4.0 out of 5 stars
Too good..",4.0,"Quality is too good.. Go for it..
Read more"
"LuvLap Boys Sleeveless T-Shirt & Shorts Set, For Baby, Infants & Toddlers, Multicolour, 100% Cotton, Pack Of 2 (18 to 24 m...","5.0 out of 5 stars
Most comfat and good quality",5.0,"Nice product good quality most comfat value of worth smooth cloth
Read more"
"LuvLap Boys Sleeveless T-Shirt & Shorts Set, For Baby, Infants & Toddlers, Multicolour, 100% Cotton, Pack Of 2 (18 to 24 m...","3.0 out of 5 stars
Ok ok",3.0,"Colors comes different but clothes quality is good
Read more"
"LuvLap Boys Sleeveless T-Shirt & Shorts Set, For Baby, Infants & Toddlers, Multicolour, 100% Cotton, Pack Of 2 (18 to 24 m...","5.0 out of 5 stars
100% cotton",5.0,"Superb cloth. Loved the quality . Value for money product. My baby loves wearing it. Go for it..
Read more"
"LuvLap Boys Sleeveless T-Shirt & Shorts Set, For Baby, Infants & Toddlers, Multicolour, 100% Cotton, Pack Of 2 (18 to 24 m...","1.0 out of 5 stars
The print is different and quality is poor.",1.0,"The print as shown in the pic is totally different. The print I got is of very cheap quality which will come off after couple of washes. Poor quality.
Read more"
"LuvLap Boys Sleeveless T-Shirt & Shorts Set, For Baby, Infants & Toddlers, Multicolour, 100% Cotton, Pack Of 2 (18 to 24 m...","5.0 out of 5 stars
Very nice",5.0,"Go for it without thinking
Read more"
"LuvLap Boys Sleeveless T-Shirt & Shorts Set, For Baby, Infants & Toddlers, Multicolour, 100% Cotton, Pack Of 2 (18 to 24 m...","4.0 out of 5 stars
The print of the shirt remains the same after 2 month of use",4.0,"The media could not be loaded.
                


Read more"
Piku Store Full Sleeves Hosiery Slogan/Cartoon Print T-Shirt for Baby Boy & Baby Girl,"5.0 out of 5 stars
Amazing",5.0,"It's so cool when u see nice captions on kid's clothing. The fabric quality is great.
Read more"
Fareto Baby Boy's & Baby Girl's T Shirt,"4.0 out of 5 stars
Different print, not very thin fabric",4.0,"Got different print. And I thought it would have more thinner for hot and humid summer area. But it is not that thin. Specially have ordered for prints. So returned.
Read more"
Fareto Baby Boy's & Baby Girl's T Shirt,"5.0 out of 5 stars
Feedback",5.0,"Color is different . But materials is nice good quality one .its look nice for my son .size is perfect for my son .so iam very happy with amazon product
Read more"
Fareto Baby Boy's & Baby Girl's T Shirt,"1.0 out of 5 stars
Not good",1.0,"The neck design should not fit my baby.instead of this neck u can choose a buttoned neck for our little one
Read more"
Fareto Baby Boy's & Baby Girl's T Shirt,"3.0 out of 5 stars
üëç",3.0,"üëç
Read more"
Fareto Baby Boy's & Baby Girl's T Shirt,"4.0 out of 5 stars
Nice",4.0,"Lovely T-shirts and colour also beautiful
Read more"
Fareto Baby Boy's & Baby Girl's T Shirt,"5.0 out of 5 stars
Good quality product",5.0,"Good quality product
Read more"
Fareto Baby Boy's & Baby Girl's T Shirt,"5.0 out of 5 stars
Amazing",5.0,"Good
Read more"
Fareto Baby Boy's & Baby Girl's T Shirt,"5.0 out of 5 stars
Great product",5.0,"Good quality
Read more"
TOTOMO Bucket Cap Boys and Baby Girls Printed for Kids Age 2-4 Years,"5.0 out of 5 stars
Cap is really cute",5.0,"Very good quality of the cap perfect fit
Read more"
TOTOMO Bucket Cap Boys and Baby Girls Printed for Kids Age 2-4 Years,"4.0 out of 5 stars
Good",4.0,"Good product
Read more"
CLOTHERA Fedora Jute Round Hat (Pack of 2) Multicolor & Beige for Babies Photoshoot (6 Months to 9 Months) Black,"2.0 out of 5 stars
I order cream color but i got white color",2.0,Read more
CLOTHERA Fedora Jute Round Hat (Pack of 2) Multicolor & Beige for Babies Photoshoot (6 Months to 9 Months) Black,"4.0 out of 5 stars
Good Fedoras for babies",4.0,"Hats are stylish. But size is small for even a 3 year old kid.
Read more"
CLOTHERA Fedora Jute Round Hat (Pack of 2) Multicolor & Beige for Babies Photoshoot (6 Months to 9 Months) Black,"4.0 out of 5 stars
üëç",4.0,"üëç
Read more"
CLOTHERA Fedora Jute Round Hat (Pack of 2) Multicolor & Beige for Babies Photoshoot (6 Months to 9 Months) Black,"4.0 out of 5 stars
Very good quality",4.0,"Nice fabric, great fitting
Read more"
ARVESA Monthly Birthday Milestone Special Unisex Baby Romper Onesies Dress Half Sleeve Envelope Neck,"5.0 out of 5 stars
Good buy",5.0,"Very cute in looks, good fabric, but size wise I had to exchange 0-3 months to 3-6 months even for a newborn because the 0-3 months one was way too small to fit any baby!
Read more"
RAINBOWTEES Baby Boys' & Baby Girls' T-Shirt (RT-4006_Red_Free Size),"5.0 out of 5 stars
Super quality",5.0,"I have took this for my Son on his 6th month birthday now he is 3yrs old this t shirts quality is great I'm still using it to his doll and washing it every week color and quality didn't change
Read more"
RAINBOWTEES Baby Boys' & Baby Girls' T-Shirt (RT-4006_Red_Free Size),"4.0 out of 5 stars
Good print and perfect fit for half year baby.",4.0,"T-shirt received within time. Good fitting for my baby. But you need to give perfect size of baby or may not get right fit. Size can be choose from another site like First Cry
Read more"
RAINBOWTEES Baby Boys' & Baby Girls' T-Shirt (RT-4006_Red_Free Size),"5.0 out of 5 stars
Good Quality product.",5.0,"- Clothing material is reall good. Soft & dlicate fabric for kids skin.- Very easy & comfrtable to put it on baby, because of big round neck size.- Colour quality remained same after multiple wash.Over all rating is 5/5.Very good product.
Read more"
RAINBOWTEES Baby Boys' & Baby Girls' T-Shirt (RT-4006_Red_Free Size),"5.0 out of 5 stars
Well Done üëç",5.0,"Great stuff, fit and looked awesome. Thank you for keeping the special day memorable.
Read more"
RAINBOWTEES Baby Boys' & Baby Girls' T-Shirt (RT-4006_Red_Free Size),"3.0 out of 5 stars
Vijay",3.0,"Product is worthy, but the quality is not gud as expected.
Read more"
RAINBOWTEES Baby Boys' & Baby Girls' T-Shirt (RT-4006_Red_Free Size),"4.0 out of 5 stars
Perfect",4.0,"Good quality,but little expensive
Read more"
RAINBOWTEES Baby Boys' & Baby Girls' T-Shirt (RT-4006_Red_Free Size),"5.0 out of 5 stars
Love the product",5.0,"Love this t.shirt for my kid. Worthy purchase and quality of the product is good.More perfect fit for slightly chubbier babies.
Read more"
RAINBOWTEES Baby Boys' & Baby Girls' T-Shirt (RT-4006_Red_Free Size),"5.0 out of 5 stars
Good quality but too costly",5.0,"Good quality I like the product but too costly as compair to the size of T-shirt
Read more"
KNITROOT Unisex Baby Bodysuit for Toddler Half Sleeve White Color Cool Like My Mamu,"5.0 out of 5 stars
Cloth very very smooth",5.0,"It's good tshirt
Read more"
Bumchums Baby-Girl's Cotton A-Line Knee-Length Dress,"3.0 out of 5 stars
Good for daily use",3.0,"Good for daily use.
Read more"
Bumchums Baby-Girl's Cotton A-Line Knee-Length Dress,"1.0 out of 5 stars
Color difference not acceptable",1.0,"The product is good. But Amazon delivered a completely different color. It's understood if the shade is same. In the picture it's green color but I received pink color. Disappointed with this
Read more"
Miss U Dungaree for Boys Applique Cotton,"5.0 out of 5 stars
value for money",5.0,"perfect fit and design is nice
Read more"
Miss U Dungaree for Boys Applique Cotton,"4.0 out of 5 stars
üòÑüòÑüòÑüòÑüòÑüòÑIt's a great product thank you amazon...",4.0,"Beautiful just awesomethe fabric is great and my beti is 1yr old its looking beautiful ...quality is also superb soft fabric same as shown in the image
Read more"
Miss U Dungaree for Boys Applique Cotton,"5.0 out of 5 stars
Good material",5.0,"Good material and quality
Read more"
Miss U Dungaree for Boys Applique Cotton,"3.0 out of 5 stars
Nice clothes",3.0,"Good
Read more"
Miss U Dungaree for Boys Applique Cotton,"5.0 out of 5 stars
Good dress",5.0,"It's cute & comfortable for baby.. Good material as well
Read more"
Miss U Dungaree for Boys Applique Cotton,"4.0 out of 5 stars
Good product",4.0,"Good one. Same as what you displayed
Read more"
Miss U Dungaree for Boys Applique Cotton,"1.0 out of 5 stars
Reyansh",1.0,"Too large for a new born. Wasted my money on this
Read more"
Miss U Dungaree for Boys Applique Cotton,"5.0 out of 5 stars
Price and looks",5.0,"Very good fitting and looks very good...one of the best product in this price ramge
Read more"
RAINBOWTEES Baby Boys' & Baby Girls' T-Shirt (RT-4006_Red_Free Size),"5.0 out of 5 stars
Super quality",5.0,"I have took this for my Son on his 6th month birthday now he is 3yrs old this t shirts quality is great I'm still using it to his doll and washing it every week color and quality didn't change
Read more"
RAINBOWTEES Baby Boys' & Baby Girls' T-Shirt (RT-4006_Red_Free Size),"4.0 out of 5 stars
Good print and perfect fit for half year baby.",4.0,"T-shirt received within time. Good fitting for my baby. But you need to give perfect size of baby or may not get right fit. Size can be choose from another site like First Cry
Read more"
RAINBOWTEES Baby Boys' & Baby Girls' T-Shirt (RT-4006_Red_Free Size),"5.0 out of 5 stars
Good Quality product.",5.0,"- Clothing material is reall good. Soft & dlicate fabric for kids skin.- Very easy & comfrtable to put it on baby, because of big round neck size.- Colour quality remained same after multiple wash.Over all rating is 5/5.Very good product.
Read more"
RAINBOWTEES Baby Boys' & Baby Girls' T-Shirt (RT-4006_Red_Free Size),"5.0 out of 5 stars
Well Done üëç",5.0,"Great stuff, fit and looked awesome. Thank you for keeping the special day memorable.
Read more"
RAINBOWTEES Baby Boys' & Baby Girls' T-Shirt (RT-4006_Red_Free Size),"3.0 out of 5 stars
Vijay",3.0,"Product is worthy, but the quality is not gud as expected.
Read more"
RAINBOWTEES Baby Boys' & Baby Girls' T-Shirt (RT-4006_Red_Free Size),"4.0 out of 5 stars
Perfect",4.0,"Good quality,but little expensive
Read more"
RAINBOWTEES Baby Boys' & Baby Girls' T-Shirt (RT-4006_Red_Free Size),"5.0 out of 5 stars
Love the product",5.0,"Love this t.shirt for my kid. Worthy purchase and quality of the product is good.More perfect fit for slightly chubbier babies.
Read more"
RAINBOWTEES Baby Boys' & Baby Girls' T-Shirt (RT-4006_Red_Free Size),"5.0 out of 5 stars
Good quality but too costly",5.0,"Good quality I like the product but too costly as compair to the size of T-shirt
Read more"
Bold N Elegant Corduroy Winter Fleece Bonded Full Sleeve Footless Baby Romper Onesie Front Button Bodysuit Jumper for Newb...,"5.0 out of 5 stars
Very nice and soft product",5.0,"I just loved this product. Clothe is very soft and cozy. You can use this product in winter for your baby.
Read more"
Bold N Elegant Corduroy Winter Fleece Bonded Full Sleeve Footless Baby Romper Onesie Front Button Bodysuit Jumper for Newb...,"4.0 out of 5 stars
Good product",4.0,"It is quilted, fabric Feels soft.Same as shown in the pic just the length is a little problem for me
Read more"
Bold N Elegant Corduroy Winter Fleece Bonded Full Sleeve Footless Baby Romper Onesie Front Button Bodysuit Jumper for Newb...,"5.0 out of 5 stars
Great product",5.0,"Super soft. Very warm. Loved it!
Read more"
Bold N Elegant Corduroy Winter Fleece Bonded Full Sleeve Footless Baby Romper Onesie Front Button Bodysuit Jumper for Newb...,"3.0 out of 5 stars
Pic is misleading",3.0,"I received it like this without any print of tiger animal and what was displayed on picture.I ordered it from Canada and got it through a frnd now I can't return it from here. Soo disappointed. I patiently waited for this item as it looked soo cute with vibrant color in pic but received very plain looking romper.
Read more"
Bold N Elegant Corduroy Winter Fleece Bonded Full Sleeve Footless Baby Romper Onesie Front Button Bodysuit Jumper for Newb...,"5.0 out of 5 stars
Great",5.0,"Great product! Good quality
Read more"
Bold N Elegant Corduroy Winter Fleece Bonded Full Sleeve Footless Baby Romper Onesie Front Button Bodysuit Jumper for Newb...,"4.0 out of 5 stars
Good quality",4.0,"It is as shown in the picture quality and the colour is very good. The only issue was the legs were quite short for my baby. So it might depend on the length of your baby's leg.
Read more"
Bold N Elegant Corduroy Winter Fleece Bonded Full Sleeve Footless Baby Romper Onesie Front Button Bodysuit Jumper for Newb...,"5.0 out of 5 stars
Very nice stuff.. perfect for winters",5.0,"Newborn winter wear... loved it
Read more"
Bold N Elegant Corduroy Winter Fleece Bonded Full Sleeve Footless Baby Romper Onesie Front Button Bodysuit Jumper for Newb...,"3.0 out of 5 stars
Size was too big",3.0,"Size was too big
Read more"
H2Y Winter Cap for boy furr Panda 1pc White,"5.0 out of 5 stars
Nice",5.0,"Nice
Read more"
Baby Cry Baby Castle 100% Hosiery Cotton Infants Rompers/Jumpsuit Sleepsuit Full Sleeve Romper for Boys and Girls Set of 3...,"5.0 out of 5 stars
Good quality I like Nice U can buy any one and very good quality Good colour Very good product soft",5.0,"Good qualityI likeNiceU can buy any one and very good qualityGood colourVery good product soft
Read more"
Miss U Dungaree for Boys Applique Cotton,"5.0 out of 5 stars
value for money",5.0,"perfect fit and design is nice
Read more"
Miss U Dungaree for Boys Applique Cotton,"4.0 out of 5 stars
üòÑüòÑüòÑüòÑüòÑüòÑIt's a great product thank you amazon...",4.0,"Beautiful just awesomethe fabric is great and my beti is 1yr old its looking beautiful ...quality is also superb soft fabric same as shown in the image
Read more"
Miss U Dungaree for Boys Applique Cotton,"5.0 out of 5 stars
Good material",5.0,"Good material and quality
Read more"
Miss U Dungaree for Boys Applique Cotton,"3.0 out of 5 stars
Nice clothes",3.0,"Good
Read more"
Miss U Dungaree for Boys Applique Cotton,"5.0 out of 5 stars
Good dress",5.0,"It's cute & comfortable for baby.. Good material as well
Read more"
Miss U Dungaree for Boys Applique Cotton,"4.0 out of 5 stars
Good product",4.0,"Good one. Same as what you displayed
Read more"
Miss U Dungaree for Boys Applique Cotton,"1.0 out of 5 stars
Reyansh",1.0,"Too large for a new born. Wasted my money on this
Read more"
Miss U Dungaree for Boys Applique Cotton,"5.0 out of 5 stars
Price and looks",5.0,"Very good fitting and looks very good...one of the best product in this price ramge
Read more"
Sai Creations fancy hairbands for baby girls for 3 months to 2 years,"5.0 out of 5 stars
Nice turban cap",5.0,"Nice turban cap for baby girl. Colour is same as shown in pic. Expandable and soft material. Happy with purchase
Read more"
Sai Creations fancy hairbands for baby girls for 3 months to 2 years,"5.0 out of 5 stars
Very good worth of money",5.0,"Color ,fabric and a look is perfect sutes both for baby boy and girl . I gives my baby a cute look
Read more"
Sai Creations fancy hairbands for baby girls for 3 months to 2 years,"5.0 out of 5 stars
Worth",5.0,"Worth the money  ‚Ä¶..my baby girl looked pretty ‚Ä¶ fabric is stretchable ., and suits for all the wether conditions
Read more"
Orange and Orchid Baby-Girl's Regular Fit Dress,"5.0 out of 5 stars
Good Quality",5.0,"Good quality cloth...Must buy...Same as shown in the picture...my baby looks pretty in this üëó dress
Read more"
Orange and Orchid Baby-Girl's Regular Fit Dress,"4.0 out of 5 stars
Fabric is good but color starts to fade.",4.0,"Color starts to fade with first wash.
Read more"
Orange and Orchid Baby-Girl's Regular Fit Dress,"3.0 out of 5 stars
Good one",3.0,"Clothe is very nice... comfortable for babies
Read more"
Orange and Orchid Baby-Girl's Regular Fit Dress,"5.0 out of 5 stars
Good. worth it.",5.0,"Looks really good on my daughter. Worth well for the cost.
Read more"
Orange and Orchid Baby-Girl's Regular Fit Dress,"4.0 out of 5 stars
Small",4.0,"Nice cloth but lower portion is too short
Read more"
Orange and Orchid Baby-Girl's Regular Fit Dress,"1.0 out of 5 stars
Waste of money",1.0,"Colour of frok gets faded only in one wash ,its looks very old nowAlthough product was good to see before wash bt after wash colour of the clothes become dull Waste of money don't buy this
Read more"
Orange and Orchid Baby-Girl's Regular Fit Dress,"5.0 out of 5 stars
Good for baby",5.0,"Color is as mentioned and cloth quality is good
Read more"
Orange and Orchid Baby-Girl's Regular Fit Dress,"4.0 out of 5 stars
Nice product",4.0,"Nice product
Read more"
Fflirtygo Baby Wear 100% Hosiery Cotton Infants Rompers with Booties/Onesies/Body Suit/Jumpsuit/Sleepsuit Full Sleeve Main...,"4.0 out of 5 stars
Good material and soft",4.0,"Ordered small size so returned, otherwise material is soft n nice
Read more"
Fflirtygo Baby Wear 100% Hosiery Cotton Infants Rompers with Booties/Onesies/Body Suit/Jumpsuit/Sleepsuit Full Sleeve Main...,"1.0 out of 5 stars
Fabric is thin and lost buttons as opened.",1.0,"Fabric is thin and lost buttons as opened
Read more"
"ADRIEL Bringing Joy Soft Woolen Romper Body Suit Set for New Born Baby - (0-3 Months, Blue)","5.0 out of 5 stars
Soft Quilted Material",5.0,"Very very soft. Perfect for new born baby.
Read more"
"ADRIEL Bringing Joy Soft Woolen Romper Body Suit Set for New Born Baby - (0-3 Months, Blue)","5.0 out of 5 stars
It's nice",5.0,"Nice
Read more"
"ADRIEL Bringing Joy Soft Woolen Romper Body Suit Set for New Born Baby - (0-3 Months, Blue)","5.0 out of 5 stars
Nice product",5.0,"Very good
Read more"
COYOTX cotton romper for baby boys | jumpsuit for kids | sleepsuit for babies | Embroidered romper | long sleeve winter cl...,"5.0 out of 5 stars
Excellent",5.0,"Great quality, comfortable fit, perfect for my baby to sleep in.Need more colours
Read more"
COYOTX cotton romper for baby boys | jumpsuit for kids | sleepsuit for babies | Embroidered romper | long sleeve winter cl...,"4.0 out of 5 stars
Need double sided chain",4.0,"Everything about the rompers is good. Quality of cloth and softness but only drawback is that it has only one sided chain..so while changing diaper the baby chest is bare..they need to put two sided chain
Read more"
COYOTX cotton romper for baby boys | jumpsuit for kids | sleepsuit for babies | Embroidered romper | long sleeve winter cl...,"5.0 out of 5 stars
Value for money, comfortable fabric n fitting",5.0,"Nice quality product, soft touch n feel, looks comfortable for my baby, please go with one size large than actual. Overall product is worth buying in this price
Read more"
COYOTX cotton romper for baby boys | jumpsuit for kids | sleepsuit for babies | Embroidered romper | long sleeve winter cl...,"5.0 out of 5 stars
Amazing",5.0,"Perfect for winters. Good cloth quality üíØBoth colours are great. Will definitely buy again
Read more"
COYOTX cotton romper for baby boys | jumpsuit for kids | sleepsuit for babies | Embroidered romper | long sleeve winter cl...,"5.0 out of 5 stars
Awesome üëçüèª",5.0,"Fabric is soft, comfortable, nice design.
Read more"
POLKA TOTS Kurta Pajama for Kids 100% Super Soft Cotton Night Suits for Boys & Girls,"5.0 out of 5 stars
Nice and comfortable",5.0,"Good quality fabric and stylish kurta set
Read more"
POLKA TOTS Kurta Pajama for Kids 100% Super Soft Cotton Night Suits for Boys & Girls,"5.0 out of 5 stars
Gud quality pdt. Awesome. Look very comfortable",5.0,"The media could not be loaded.
                



¬†Comfortable,awesome.overall pdt is very very excellent .
Read more"
POLKA TOTS Kurta Pajama for Kids 100% Super Soft Cotton Night Suits for Boys & Girls,"5.0 out of 5 stars
Soft material and awesome design",5.0,"Awesome designs and material is 100% cotton giving infant very comfortable long time wear in festivals.
Read more"
POLKA TOTS Kurta Pajama for Kids 100% Super Soft Cotton Night Suits for Boys & Girls,"5.0 out of 5 stars
comfortable",5.0,"Cute design for my twin girls. Colour is exactly as shown.Quality and material is good, great for summer and monsoon.Fits my 9 month old perfectly.Cute little colouring in book also came with it which is sweet.Will definitely purchase more from this brand in the future.
Read more"
POLKA TOTS Kurta Pajama for Kids 100% Super Soft Cotton Night Suits for Boys & Girls,"5.0 out of 5 stars
Pure cotton",5.0,"Absolutely adorable setPure cotton and very comfy
Read more"
POLKA TOTS Kurta Pajama for Kids 100% Super Soft Cotton Night Suits for Boys & Girls,"1.0 out of 5 stars
Worst",1.0,"Poor quality and too big size
Read more"
POLKA TOTS Kurta Pajama for Kids 100% Super Soft Cotton Night Suits for Boys & Girls,"1.0 out of 5 stars
Too big",1.0,"Sizing per age is wrong!! It is too big
Read more"
POLKA TOTS Kurta Pajama for Kids 100% Super Soft Cotton Night Suits for Boys & Girls,"5.0 out of 5 stars
Really a quality product...",5.0,"Both quality of cloth n print very good...
Read more"
"MY BABY TOWN Baby Multi-Color Long Sleeve Cotton Sleep Suit Romper for Boys and Girls Set of 3 (9-12 Months, Multi)","4.0 out of 5 stars
Material is good...",4.0,"I like the quality of the cloth
Read more"
"MY BABY TOWN Baby Multi-Color Long Sleeve Cotton Sleep Suit Romper for Boys and Girls Set of 3 (9-12 Months, Multi)","5.0 out of 5 stars
Nice product.",5.0,"It Looks good,  Feel comfortable. It is better to buy large size than baby's size. Color is lighter than that of the picture. But it's good to babies. Overall I like it. Nice product.Thanks Amazon.
Read more"
"MY BABY TOWN Baby Multi-Color Long Sleeve Cotton Sleep Suit Romper for Boys and Girls Set of 3 (9-12 Months, Multi)","3.0 out of 5 stars
Ok ok product",3.0,"Cloth quality was perfect for baby except the buttons were worst ... buttons were broken in only one use...it was so tight button...very hard to pull out n broke
Read more"
"MY BABY TOWN Baby Multi-Color Long Sleeve Cotton Sleep Suit Romper for Boys and Girls Set of 3 (9-12 Months, Multi)","1.0 out of 5 stars
Worst product waste of money",1.0,"Waste of money product quality not good after one wash
Read more"
"MY BABY TOWN Baby Multi-Color Long Sleeve Cotton Sleep Suit Romper for Boys and Girls Set of 3 (9-12 Months, Multi)","4.0 out of 5 stars
not exact 9-12 month size .. otherwise everything is good",4.0,"The media could not be loaded.
                



¬†Quality wise it‚Äôs a super comfy for babies
Read more"
"MY BABY TOWN Baby Multi-Color Long Sleeve Cotton Sleep Suit Romper for Boys and Girls Set of 3 (9-12 Months, Multi)","4.0 out of 5 stars
Wonderful",4.0,"Fabric is good.My baby comfortable with this dress.iam ordered blue color but I got black color so little bit of disappointed
Read more"
"MY BABY TOWN Baby Multi-Color Long Sleeve Cotton Sleep Suit Romper for Boys and Girls Set of 3 (9-12 Months, Multi)","5.0 out of 5 stars
Nice product",5.0,"Very soft and comfortable material.Quality and size is perfect.
Read more"
"MY BABY TOWN Baby Multi-Color Long Sleeve Cotton Sleep Suit Romper for Boys and Girls Set of 3 (9-12 Months, Multi)","1.0 out of 5 stars
Bad Quality products",1.0,"Original  products not matching with photo
Read more"
Nestos Unisex Cotton Briefs for Kids or Baby Boys or Baby Girls (Pack of 6) (3 Months - 7 Years),"5.0 out of 5 stars
Must buy",5.0,"It‚Äôs just beautiful and fits nicely with good cloth qualityTry size bigger than age
Read more"
Nestos Unisex Cotton Briefs for Kids or Baby Boys or Baby Girls (Pack of 6) (3 Months - 7 Years),"3.0 out of 5 stars
Good",3.0,"Nicely it fits to my baby
Read more"
Nestos Unisex Cotton Briefs for Kids or Baby Boys or Baby Girls (Pack of 6) (3 Months - 7 Years),"1.0 out of 5 stars
Very bad product. Don't but at all.",1.0,"Received very bad and cheap product. Don't buy this at all. Utter waste of money. Seller is fooling with false images and no return policy. It is too big for a year old baby and the poor quality that you cannot compromise on. Very bad product.
Read more"
Nestos Unisex Cotton Briefs for Kids or Baby Boys or Baby Girls (Pack of 6) (3 Months - 7 Years),"4.0 out of 5 stars
Must try",4.0,"Its Good.Place order by size of your baby hip.
Read more"
Nestos Unisex Cotton Briefs for Kids or Baby Boys or Baby Girls (Pack of 6) (3 Months - 7 Years),"2.0 out of 5 stars
Quality issue",2.0,"The product quality is not so good.
Read more"
Nestos Unisex Cotton Briefs for Kids or Baby Boys or Baby Girls (Pack of 6) (3 Months - 7 Years),"1.0 out of 5 stars
Too small product",1.0,"I ordered four to five years which is 65 CM off girls underwear but I received 50 cm which is of 6 to 12 month which is too small for my kid and there is no return policy
Read more"
Mothercare Baby Girls' Bodysuit,"5.0 out of 5 stars
Good quality and perfect size description",5.0,"Matriak quality is very ncie
Read more"
Mothercare Boy's VG483 Baby and Toddler Sleepers,"5.0 out of 5 stars
Good quality",5.0,"Soft and comfortable, my baby likes it
Read more"
Kuchipoo Kids Baby's Dungaree Set,"4.0 out of 5 stars
Four Stars",4.0,"Nice cloth
Read more"
Kuchipoo Kids Baby's Dungaree Set,"5.0 out of 5 stars
Five Stars",5.0,"good
Read more"
Kuchipoo Kids Baby's Dungaree Set,"5.0 out of 5 stars
Good quality",5.0,"Nice dress...
Read more"
Kuchipoo Kids Baby's Dungaree Set,"1.0 out of 5 stars
One Star",1.0,"Jeans material is not good.
Read more"
Krystle Unisex Woolen Pakol/Afghani Cap (Pack of 1) (Multicolor) (Unisex),"4.0 out of 5 stars
Color problem",4.0,"Color of delivered product darker/different than lighter shown in picture.
Read more"
GLAN Women's & Girl's Winter Warm Over Knee High Footless Socks Long Leg Warmers 1 Pair (16 Inch Black),"1.0 out of 5 stars
Elasticity is not good, doesn't fit n also non refundable. Useless purchase.",1.0,"No perfect stretch. Unable to wear.
Read more"
GLAN Women's & Girl's Winter Warm Over Knee High Footless Socks Long Leg Warmers 1 Pair (16 Inch Black),"3.0 out of 5 stars
Warm material but got loose too soon",3.0,"Had purchased it for mom. It is warm and for that reason she continues to use it but it got loose too soon and  it keeps coming down. So not too happy with it
Read more"
GLAN Women's & Girl's Winter Warm Over Knee High Footless Socks Long Leg Warmers 1 Pair (16 Inch Black),"1.0 out of 5 stars
3rd grade product.",1.0,"Please don't waste your money in buying this. Elastic are loose hence it will not stay with your legs . This item is not returnable
Read more"
Honey Enterprise Baby Mittens hand gloves Set-Multi Color (pack of 4 pair),"1.0 out of 5 stars
bad",1.0,"bad quality
Read more"
